,AAPL,ABT,ACN,AEP,ALL,AMGN,AMZN,APA,APC,AXP,BA,BAC,BAX,BHI,BK,BMY,BRK.B,C,CAT,CL,CMCSA,COF,COP,COST,CSCO,CVS,CVX,DD,DELL,DIS,DOW,DVN,EBAY,EMC,EMR,EXC,F,FCX,FDX,GD,GE,GILD,GOOG,GS,HAL,HD,HNZ,HON,HPQ,IBM,INTC,JNJ,JPM,KO,LLY,LMT,LOW,MA,MCD,MDLZ,MDT,MET,MMM,MO,MON,MRK,MS,MSFT,NKE,NOV,NSC,NWSA,ORCL,OXY,PEP,PFE,PG,PM,QCOM,RTN,SBUX,SLB,SO,SPG,T,TGT,TWX,TXN,UNH,UNP,UPS,USB,UTX,V,VZ,WAG,WFC,WMB,WMT,XOM
AAPL,NA,0.291731841,0.6959056,0.659919542,0.735874929,0.242796185,0.911422039,0.935434709,0.645594599,0.921519068,0.906224743,0.720049934,0.613266947,0.921581718,0.813318412,0.942650757,0.897959055,NA,0.634132446,0.700761917,0.471768088,0.795654409,0.593846021,0.821120147,0.937649721,0.777344503,0.945553494,0.371304201,0.578879614,0.851911466,0.083335222,0.366285324,0.478847214,0.599860916,0.242135207,0.4367146,NA,0.01,0.506551128,0.633688743,0.829115749,0.452037312,0.982731546,0.902237716,0.292102771,0.773657806,NA,0.80922891,0.683101002,0.858795851,0.961392876,0.609478157,0.98859842,NA,0.26643209,0.312839414,0.39694629,0.37778482,0.836256214,0.152470028,0.897756294,0.925051646,0.679190832,0.799744205,0.619596441,0.642595735,0.909265593,0.948412797,0.45720821,0.718248232,0.550095026,NA,NA,0.951713744,NA,0.56990868,0.589009245,0.501526446,0.254139585,0.119702047,0.551099087,0.581621907,0.632170662,0.595401794,NA,0.804150252,0.569366466,0.240682748,0.457966623,0.842164492,0.804982311,0.961703886,0.613201596,0.94751018,0.75594635,0.449656819,0.945852043,0.179681552,0.571561113,0.977667655
ABT,NA,NA,0.464430239,0.541806392,0.477370631,0.474654187,0.311558406,0.551305682,0.071791232,0.400001547,0.077805536,0.012270193,0.093674629,0.166888502,0.014587775,0.745800964,0.060970124,NA,0.099439612,0.820957151,0.417282322,0.046438396,0.031105957,0.049979597,0.061951325,0.045366062,0.014647735,0.167854977,0.348978243,0.585098902,0.161086177,0.169697652,0.381777572,0.012524824,0.042608241,0.57216849,NA,0.448830176,0.048963607,0.023196338,0.014567058,0.480066626,0.347412608,0.041142356,0.139533016,0.073867176,NA,0.019075885,0.145085924,0.047115156,0.78457502,0.289064935,0.033409696,NA,0.824408354,0.101176881,0.186928109,0.178096012,0.236075446,0.403354178,0.034374839,0.039840311,0.012312157,0.408805116,0.197974933,0.040972727,0.047713731,0.772946467,0.239566984,0.188687635,0.083052527,NA,NA,0.660981783,NA,0.450375346,0.073105799,0.025118744,0.368905901,0.249623102,0.013458367,0.354504922,0.512088409,0.534870039,NA,0.062642631,0.47203182,0.325408741,0.429343831,0.09711432,0.106851136,0.094708025,0.189227363,0.492779269,0.411339954,0.090988155,0.023447184,0.513506056,0.326983939,0.158845746
ACN,NA,NA,NA,0.80064626,0.846910806,0.784548815,0.667274209,0.172257466,0.409152349,0.173839977,0.113307944,0.354496973,0.666360183,0.533013799,0.441771344,0.340678717,0.438251145,NA,0.444074356,0.898145078,0.709411787,0.449537015,0.47684229,0.523326323,0.307335458,0.518559517,0.382282592,0.680411956,0.728187769,0.417477651,0.562767111,0.473681711,0.737825631,0.363701747,0.675243582,0.853512344,NA,0.709649711,0.524354945,0.377773644,0.411698284,0.711995563,0.174484961,0.249147504,0.528766232,0.310171336,NA,0.381887589,0.332057319,0.443439628,0.062270045,0.780279331,0.231220734,NA,0.958185549,0.721020067,0.594250918,0.653253811,0.647749255,0.846346371,0.359990388,0.143235306,0.570482204,0.554485057,0.322685069,0.588074182,0.11689234,0.308164909,0.53560381,0.552953849,0.419243264,NA,NA,0.058922076,NA,0.808438778,0.624501476,0.622662932,0.867361807,0.6361869,0.4436143,0.814012849,0.822405594,0.636318896,NA,0.534519111,0.835611263,0.822926756,0.8893186,0.192040108,0.426023972,0.493330417,0.802699166,0.447914599,0.537277355,0.642862269,0.394456161,0.914456175,0.723410418,0.472340079
AEP,NA,NA,NA,NA,0.437962627,0.088223473,0.477896876,0.863207701,0.465817094,0.802955334,0.699941634,0.170654884,0.475803668,0.508446866,0.40207249,0.926487217,0.695213518,NA,0.536399751,0.78398551,0.344843974,0.277320909,0.312854144,0.469413908,0.62318287,0.331209023,0.390350146,0.591681427,0.779427772,0.740324966,0.631843388,0.52840993,0.488295969,0.338736921,0.421201409,0.185377978,NA,0.752766013,0.277714033,0.300697925,0.524941821,0.241339313,0.751877177,0.70560632,0.402565826,0.633059985,NA,0.432948309,0.495032043,0.665138523,0.938290563,0.314475953,0.694943904,NA,0.888158704,0.678245289,0.50302247,0.621092582,0.604723023,0.329692854,0.680351398,0.367503637,0.488926246,0.732827632,0.559218775,0.629541551,0.564499492,0.917739344,0.520453997,0.626226877,0.587065941,NA,NA,0.924823244,NA,0.52826131,0.392519262,0.595697092,0.8632406,0.878516254,0.314249581,0.398844073,0.554771321,0.4726575,NA,0.439147134,0.252300319,0.408817585,0.573233979,0.654990737,0.562690757,0.65270868,0.504315587,0.742524277,0.438246232,0.60268164,0.512768578,0.613528956,0.123202949,0.687606024
ALL,NA,NA,NA,NA,NA,0.043801324,0.272943251,0.920691343,0.475399856,0.915994073,0.797608435,0.440626857,0.22431289,0.407073871,0.623634817,0.950121162,0.908761341,NA,0.623320506,0.746996743,0.017438975,0.386797237,0.4314424,0.491738496,0.617977575,0.539347369,0.686423846,0.838370811,0.662895632,0.874238991,0.824741427,0.663357586,0.227738022,0.299964389,0.546199342,0.369092732,NA,0.763286099,0.064887714,0.479689652,0.53015439,0.379811724,0.938701795,0.879787135,0.522381537,0.73250322,NA,0.586404028,0.430165717,0.655897795,0.908318783,0.139681272,0.926289925,NA,0.753256513,0.596373469,0.564120896,0.63205522,0.542317593,0.481386096,0.738630848,0.608378225,0.516807435,0.785034997,0.492793302,0.556038867,0.778807613,0.909411509,0.712867828,0.563023261,0.754929152,NA,NA,0.947550096,NA,0.376539002,0.125661792,0.608488565,0.684682922,0.907754914,0.456743445,0.284476923,0.245439099,0.602920392,NA,0.372639372,0.145696998,0.398349044,0.180282546,0.877334981,0.615248993,0.778130395,0.307750349,0.774235595,0.610458426,0.609469542,0.721595555,0.718023472,0.248591643,0.867932723
AMGN,NA,NA,NA,NA,NA,NA,0.284603612,0.781961209,0.388212934,0.754777389,0.617306816,0.074818252,0.160719826,0.331006621,0.267501717,0.913999057,0.59459698,NA,0.332775768,0.658038541,0.043407806,0.30856897,0.12466248,0.379898299,0.529663168,0.342643328,0.344388503,0.357743567,0.327671245,0.728872908,0.351395045,0.332562146,0.268570112,0.092787465,0.044729304,0.035347283,NA,0.355330705,0.038628592,0.241621901,0.311173761,0.280963566,0.685671574,0.549330922,0.292512321,0.549235972,NA,0.339287812,0.366652693,0.453467576,0.905998555,0.105302588,0.598278283,NA,0.048952882,0.089274442,0.269367866,0.303489529,0.403945975,0.01,0.561911454,0.421204926,0.124191138,0.69951338,0.541509642,0.49169966,0.522844632,0.873262394,0.341922945,0.394950439,0.562662596,NA,NA,0.835701078,NA,0.059243221,0.175585089,0.409877948,0.06183564,0.463119536,0.215513358,0.0228009,0.127423424,0.570017354,NA,0.307180279,0.022131867,0.031002444,0.085735771,0.650440956,0.453178434,0.442718358,0.01,0.838057682,0.548113086,0.196984502,0.379095844,0.01422072,0.103685971,0.508729423
AMZN,NA,NA,NA,NA,NA,NA,NA,0.784485535,0.488626182,0.765030868,0.446971621,0.510206159,0.243214551,0.387051091,0.520788001,0.731609924,0.560254204,NA,0.686269332,0.786098026,0.413033544,0.358530016,0.623883956,0.418395031,0.396950718,0.401669898,0.556129199,0.865483758,0.503273969,0.669529253,0.939561,0.777190957,0.424367357,0.392897567,0.838476128,0.46419746,NA,0.89474456,0.253702365,0.55818535,0.32761458,0.574035954,0.751562061,0.701971413,0.684876513,0.477726285,NA,0.517465464,0.267347579,0.485218368,0.759236101,0.451106705,0.55655369,NA,0.863816341,0.642517555,0.558759357,0.636987316,0.395555827,0.672608499,0.497158203,0.474462728,0.488035651,0.496193492,0.356297939,0.297223282,0.626921961,0.767066415,0.736268016,0.412723682,0.607582043,NA,NA,0.755446296,NA,0.226179861,0.085801897,0.425348539,0.900304048,0.875844283,0.626380144,0.654249803,0.22844646,0.506193057,NA,0.227373393,0.51249766,0.754276232,0.064173975,0.6418641,0.529932192,0.261031978,0.687810563,0.504730901,0.507218117,0.554539469,0.267745667,0.751756817,0.308047776,0.372175414
APA,NA,NA,NA,NA,NA,NA,NA,NA,0.618982209,0.296117691,0.311020206,0.689467127,0.841509922,0.702551044,0.693933665,0.259248333,0.61598219,NA,0.790942783,0.91162255,0.890010012,0.70984117,0.90186364,0.734857672,0.32505221,0.739505054,0.789323768,0.910573405,0.91020459,0.613086762,0.925551724,0.912201199,0.69403117,0.640564427,0.934528108,0.867356868,NA,0.955802165,0.760632132,0.673070243,0.697207507,0.77494681,0.313982549,0.442577055,0.764047241,0.570245453,NA,0.652209798,0.314588129,0.414010474,0.498183656,0.886029024,0.43768826,NA,0.967303452,0.922064056,0.691349559,0.837411555,0.760368628,0.902017378,0.55014752,0.295654897,0.89182396,0.603069131,0.458757417,0.711439242,0.090984565,0.393290123,0.900847073,0.818864359,0.614029142,NA,NA,0.489962875,NA,0.901257199,0.760420467,0.708193191,0.964281408,0.888503713,0.658681984,0.965524665,0.874180173,0.656964257,NA,0.769766151,0.914119961,0.937483419,0.857453341,0.516014505,0.651408929,0.741714493,0.95453064,0.37428118,0.676812099,0.770975774,0.676123648,0.966223228,0.834080775,0.718272627
APC,NA,NA,NA,NA,NA,NA,NA,NA,NA,0.348425959,0.081296866,0.073584389,0.059566858,0.03520595,0.118802977,0.638007252,0.114209053,NA,0.028967379,0.833994875,0.366169968,0.01,0.031412618,0.021703999,0.181076658,0.309158494,0.063210681,0.453700732,0.442435474,0.416807823,0.606015355,0.494809301,0.111122283,0.087554434,0.551332457,0.464611178,NA,0.763859422,0.067735396,0.01,0.175190417,0.432025843,0.240677827,0.310045674,0.226115047,0.046923394,NA,0.01,0.254380658,0.064414405,0.634100139,0.294615006,0.306949246,NA,0.653706587,0.281731677,0.01,0.135308556,0.340372441,0.470724245,0.043639829,0.01,0.100624587,0.08181199,0.142139909,0.344208118,0.185333572,0.599350173,0.362396131,0.21804709,0.127728592,NA,NA,0.634029262,NA,0.507037083,0.160397111,0.082200823,0.641455598,0.351780527,0.085813905,0.854925954,0.414852395,0.347102229,NA,0.088497303,0.464245037,0.52082417,0.364302437,0.346420183,0.047290588,0.107060391,0.690511009,0.174647235,0.372936326,0.398087673,0.023182068,0.722001332,0.231698571,0.120420301
AXP,NA,NA,NA,NA,NA,NA,NA,NA,NA,NA,0.018247453,0.595103154,0.725364961,0.458252612,0.646572905,0.409755546,0.501435584,NA,0.637558899,0.880233512,0.850933801,0.696752336,0.784815261,0.633057465,0.114330091,0.676515068,0.594824945,0.797553827,0.774053325,0.507661918,0.90436627,0.632963263,0.716580611,0.561036226,0.924253197,0.773284583,NA,0.870995738,0.643792698,0.487936809,0.59167863,0.745697321,0.339335207,0.459905086,0.517504157,0.316795412,NA,0.646022098,0.286660176,0.281030774,0.419337445,0.863291996,0.26720272,NA,0.980527862,0.910075978,0.690186964,0.785484346,0.6448453,0.925046479,0.401213122,0.082725775,0.819318863,0.430968192,0.317268521,0.551507195,0.284360356,0.331909086,0.755175084,0.579144854,0.494621173,NA,NA,0.193809243,NA,0.85702366,0.752390407,0.597363178,0.963672798,0.916805219,0.593994683,0.929872425,0.825541329,0.522130588,NA,0.651033628,0.908362712,0.937561146,0.734817861,0.349873112,0.400663705,0.67053571,0.955809855,0.280060533,0.666603217,0.723738305,0.530623297,0.934745994,0.775158458,0.591969868
BA,NA,NA,NA,NA,NA,NA,NA,NA,NA,NA,NA,0.383544496,0.482665381,0.097321061,0.427652989,0.471477115,0.01,NA,0.278438144,0.867024201,0.746445202,0.094860319,0.551633807,0.228382452,0.098163212,0.162691752,0.165149102,0.696028165,0.747408761,0.23811008,0.870908149,0.548193958,0.397077012,0.368214726,0.83526389,0.689268105,NA,0.903348441,0.63458339,0.384527119,0.315597916,0.59649379,0.024156301,0.268914694,0.209960818,0.01,NA,0.331644015,0.387901677,0.095304223,0.278197206,0.643173271,0.02687943,NA,0.966001068,0.962836073,0.39774667,0.605365418,0.232916913,0.825322729,0.038905073,0.01,0.581870416,0.020788504,0.011733355,0.259962397,0.089100099,0.475192451,0.478380455,0.398946583,0.04738165,NA,NA,0.113321619,NA,0.722405345,0.4268941,0.228949879,0.907884832,0.955464101,0.140968461,0.871148244,0.699143005,0.32838949,NA,0.256843806,0.845518299,0.856842721,0.722147273,0.01,0.253951356,0.302797581,0.951025322,0.01,0.294410043,0.619201677,0.087949892,0.933047305,0.526205023,0.085537702
BAC,NA,NA,NA,NA,NA,NA,NA,NA,NA,NA,NA,NA,0.120032241,0.323263698,0.01,0.709690462,0.347834598,NA,0.337997378,0.799391965,0.244325284,0.1218346,0.080939565,0.053122434,0.441403551,0.164328472,0.085671183,0.229526015,0.555184619,0.326142446,0.514133128,0.220458251,0.28477131,0.247821619,0.319203536,0.236490853,NA,0.545511031,0.275602236,0.02582662,0.283493266,0.047963117,0.668034057,0.543878666,0.055578898,0.176993317,NA,0.326406748,0.493920031,0.208002194,0.591767034,0.088628494,0.832849842,NA,0.377250265,0.071463638,0.084614366,0.28820155,0.373890678,0.172047726,0.261866601,0.632232285,0.223910412,0.098559745,0.077410614,0.263421319,0.549442193,0.679185587,0.350703783,0.445370127,0.044007646,NA,NA,0.512372256,NA,0.346588233,0.205430672,0.05294121,0.514010594,0.380763182,0.298584186,0.342132582,0.215361437,0.086322906,NA,0.210988323,0.284448265,0.224284177,0.193615921,0.384519638,0.37568992,0.589909476,0.465382048,0.361322968,0.346921098,0.058504552,0.510191826,0.359897474,0.09426871,0.355502251
BAX,NA,NA,NA,NA,NA,NA,NA,NA,NA,NA,NA,NA,NA,0.070760212,0.200335569,0.913717079,0.461615642,NA,0.205803072,0.750579804,0.206738197,0.051941994,0.042621469,0.042158612,0.490172341,0.199820199,0.398210869,0.563406864,0.196405805,0.703354925,0.544264596,0.492070182,0.194607632,0.037238085,0.378995206,0.422775432,NA,0.61776146,0.01,0.100619181,0.059286144,0.421146329,0.900620401,0.552290424,0.194540464,0.402760344,NA,0.037251975,0.266094911,0.284941114,0.905198064,0.149936906,0.650827366,NA,0.585333839,0.083916411,0.262988053,0.086168265,0.30861109,0.277558702,0.488546266,0.206749284,0.01,0.471658418,0.221998682,0.356181714,0.492745284,0.874164639,0.386542274,0.031383897,0.277989187,NA,NA,0.90813058,NA,0.367448837,0.017475369,0.204779068,0.353006034,0.518903376,0.039389888,0.398454086,0.251911099,0.522348532,NA,0.032244902,0.316233695,0.312239404,0.147725081,0.524712097,0.303766361,0.325464982,0.272770642,0.55477614,0.500798214,0.326699856,0.088814755,0.430210753,0.156345087,0.665590675
BHI,NA,NA,NA,NA,NA,NA,NA,NA,NA,NA,NA,NA,NA,NA,0.379777812,0.669097602,0.090666505,NA,0.203749538,0.831477358,0.338657741,0.010176021,0.284051606,0.037941209,0.345821738,0.144356054,0.227912268,0.68607313,0.630149487,0.444533443,0.801671679,0.680118095,0.047596401,0.353338867,0.74454794,0.512769226,NA,0.904322378,0.208716914,0.109890707,0.290696787,0.457209263,0.288490346,0.612255109,0.466026639,0.056292133,NA,0.020622748,0.349848074,0.379708316,0.705725704,0.254643537,0.470347796,NA,0.762854814,0.588308887,0.083267909,0.354421762,0.130165392,0.577662292,0.1296347,0.019722629,0.308936944,0.055016738,0.07730863,0.336905994,0.435520305,0.7502777,0.398126053,0.228916593,0.266691126,NA,NA,0.71264763,NA,0.501685421,0.061820619,0.097873548,0.908369246,0.712710861,0.081137666,0.80165426,0.392572693,0.374768384,NA,0.06018385,0.494273178,0.686291695,0.347669914,0.379507288,0.030226391,0.215726527,0.752345087,0.045178147,0.302205713,0.543435228,0.088239535,0.829901825,0.137318517,0.134191201
BK,NA,NA,NA,NA,NA,NA,NA,NA,NA,NA,NA,NA,NA,NA,NA,0.763431673,0.406956035,NA,0.503940575,0.834288,0.449657979,0.170993641,0.327416977,0.07497033,0.316160491,0.218008839,0.128670076,0.541360315,0.608842724,0.458287756,0.832973336,0.448589638,0.464711651,0.138494364,0.767118868,0.410279907,NA,0.753816082,0.368190143,0.047384948,0.240348384,0.276113871,0.687770964,0.49743002,0.288077026,0.198740788,NA,0.405556376,0.419649002,0.186716241,0.675074221,0.356817086,0.629874329,NA,0.79063091,0.362719392,0.198487759,0.552553833,0.485724963,0.454218115,0.157434587,0.508674379,0.381037763,0.211016979,0.113151293,0.362621686,0.30741088,0.708939026,0.589911395,0.496676246,0.13285596,NA,NA,0.623966544,NA,0.529645922,0.260498436,0.095240287,0.811488241,0.632776356,0.339783103,0.764801633,0.388304295,0.228260162,NA,0.255473066,0.597597656,0.590990014,0.326028811,0.467114428,0.449553973,0.550010975,0.820117352,0.458136271,0.471170955,0.105193699,0.390954505,0.656025504,0.223394215,0.373975497
BMY,NA,NA,NA,NA,NA,NA,NA,NA,NA,NA,NA,NA,NA,NA,NA,NA,0.748315687,NA,0.880055416,0.921961465,0.95014637,0.760612612,0.877184795,0.901024589,0.052612543,0.884781802,0.781622624,0.918985729,0.889688571,0.812192716,0.916540958,0.849464675,0.870327109,0.63443916,0.950480611,0.919742624,NA,0.938473487,0.840791237,0.73280284,0.722971203,0.895304092,0.638720557,0.47182419,0.835522658,0.755912911,NA,0.85095035,0.265165105,0.472509668,0.553015411,0.955331976,0.356009315,NA,0.99,0.953701225,0.907706399,0.916832136,0.831005557,0.982124227,0.615679797,0.444638365,0.932697581,0.804776306,0.604276911,0.802020953,0.343740357,0.450390339,0.920532225,0.767584796,0.749966609,NA,NA,0.475615729,NA,0.963005573,0.948267729,0.918144235,0.978962565,0.954575904,0.800489839,0.945569258,0.932343321,0.772235072,NA,0.792284228,0.959017085,0.954560932,0.899265185,0.702847262,0.802834912,0.711145824,0.967919287,0.538817754,0.833312096,0.925686571,0.63700474,0.973652483,0.938398469,0.749928291
BRK.B,NA,NA,NA,NA,NA,NA,NA,NA,NA,NA,NA,NA,NA,NA,NA,NA,NA,NA,0.257020216,0.835073513,0.742591905,0.241927705,0.347978137,0.258722104,0.192408411,0.240525766,0.111274958,0.770678084,0.626933146,0.575044118,0.793128858,0.556683077,0.454249377,0.217421646,0.862140758,0.642501149,NA,0.843549996,0.366970029,0.096340053,0.202163053,0.649842338,0.436756627,0.439624521,0.328175946,0.046695361,NA,0.095632627,0.284333736,0.079226093,0.691230609,0.683685854,0.337467944,NA,0.983592397,0.841582376,0.505823067,0.625831593,0.258449409,0.862030964,0.063205725,0.017448809,0.446352733,0.098407644,0.017282175,0.242237216,0.284633738,0.684489038,0.597765704,0.36646304,0.106293094,NA,NA,0.670032771,NA,0.709225079,0.31933752,0.187120384,0.962373201,0.908548291,0.147064765,0.871872076,0.67893024,0.454347939,NA,0.043208187,0.919946385,0.914389628,0.675234264,0.198870841,0.08170752,0.37559619,0.943171876,0.244441622,0.426178598,0.546064421,0.071848558,0.921529094,0.501148676,0.172576887
C,NA,NA,NA,NA,NA,NA,NA,NA,NA,NA,NA,NA,NA,NA,NA,NA,NA,NA,NA,NA,NA,NA,NA,NA,NA,NA,NA,NA,NA,NA,NA,NA,NA,NA,NA,NA,NA,NA,NA,NA,NA,NA,NA,NA,NA,NA,NA,NA,NA,NA,NA,NA,NA,NA,NA,NA,NA,NA,NA,NA,NA,NA,NA,NA,NA,NA,NA,NA,NA,NA,NA,NA,NA,NA,NA,NA,NA,NA,NA,NA,NA,NA,NA,NA,NA,NA,NA,NA,NA,NA,NA,NA,NA,NA,NA,NA,NA,NA,NA,NA
CAT,NA,NA,NA,NA,NA,NA,NA,NA,NA,NA,NA,NA,NA,NA,NA,NA,NA,NA,NA,0.797050993,0.395323702,0.148364726,0.087709454,0.271513522,0.524896597,0.333422237,0.366532705,0.421295256,0.517652013,0.442274039,0.524596228,0.19669363,0.100254708,0.308450752,0.529543699,0.441449594,NA,0.628661639,0.288779221,0.031472983,0.503256308,0.484800749,0.57274665,0.667536794,0.024701309,0.165152191,NA,0.102612848,0.423644848,0.407125192,0.854742556,0.411764593,0.818381615,NA,0.638990063,0.407655624,0.027577974,0.247632598,0.409710196,0.395790072,0.442286038,0.21213486,0.345262074,0.111458592,0.049413172,0.438879195,0.488517482,0.782909114,0.200856278,0.317316797,0.040414887,NA,NA,0.791267503,NA,0.540059153,0.261163632,0.088785576,0.642408087,0.380546389,0.12572086,0.68382449,0.477766715,0.295971075,NA,0.300136428,0.509257049,0.452086049,0.410065881,0.32275907,0.099336454,0.76041983,0.723313836,0.357245202,0.40651254,0.435605367,0.575142415,0.57980361,0.317798753,0.785340907
CL,NA,NA,NA,NA,NA,NA,NA,NA,NA,NA,NA,NA,NA,NA,NA,NA,NA,NA,NA,NA,0.740084108,0.800436032,0.791421373,0.827356717,0.776500198,0.819176709,0.832661772,0.806564887,0.769043849,0.862962719,0.793055293,0.832262091,0.774940329,0.758354892,0.766261293,0.754251955,NA,0.730114308,0.763031347,0.815432958,0.829044676,0.776937933,0.866717033,0.854066929,0.814696352,0.839553984,NA,0.809757745,0.787547252,0.874958969,0.905774044,0.779702517,0.869289851,NA,0.710460906,0.767936108,0.788593894,0.792672727,0.83139479,0.715357963,0.840315596,0.856117718,0.789136164,0.841664073,0.831873901,0.803947996,0.864435259,0.905117945,0.811036467,0.813917394,0.830697455,NA,NA,0.900975399,NA,0.750394559,0.769884191,0.807656859,0.718176573,0.79067275,0.800414375,0.742843246,0.769559099,0.832873381,NA,0.803994216,0.751407947,0.749505251,0.717295525,0.851399483,0.822897121,0.82093297,0.730764179,0.873617836,0.819233055,0.795820221,0.828489034,0.737053727,0.786774483,0.844339726
CMCSA,NA,NA,NA,NA,NA,NA,NA,NA,NA,NA,NA,NA,NA,NA,NA,NA,NA,NA,NA,NA,NA,0.345575223,0.082017071,0.646987145,0.645526646,0.647768551,0.557660767,0.537729665,0.495392294,0.830373449,0.544131393,0.43907516,0.129422724,0.256148617,0.116725523,0.23897689,NA,0.48816578,0.018675972,0.28497472,0.570713123,0.25551263,0.924065743,0.806567579,0.180778074,0.741946067,NA,0.487029672,0.467052475,0.591786723,0.92625598,0.139481056,0.922808734,NA,0.341810487,0.314099724,0.280830219,0.32986357,0.568560908,0.156873532,0.780630093,0.527605643,0.413805588,0.609431623,0.482271685,0.660246224,0.728068674,0.907932484,0.525637178,0.526967549,0.510684761,NA,NA,0.92097032,NA,0.431249708,0.292101908,0.484224478,0.340290933,0.675462506,0.272278111,0.01,0.312492789,0.545459266,NA,0.520980948,0.041528178,0.057406763,0.197703805,0.71751072,0.592913214,0.73051714,0.056096693,0.631558272,0.570536529,0.520428938,0.662745566,0.18921869,0.310445044,0.797789674
COF,NA,NA,NA,NA,NA,NA,NA,NA,NA,NA,NA,NA,NA,NA,NA,NA,NA,NA,NA,NA,NA,NA,0.027437595,0.01,0.289642642,0.043847736,0.01,0.485225294,0.497493326,0.404961857,0.691525272,0.418921724,0.28952388,0.131944306,0.642786731,0.378372314,NA,0.791396619,0.084597101,0.01,0.173656863,0.368536431,0.553651964,0.556985965,0.051144159,0.096997114,NA,0.038723924,0.333628214,0.079353443,0.692340106,0.070650741,0.467737208,NA,0.791539381,0.33934257,0.307916383,0.247002807,0.132306459,0.479695673,0.102498112,0.039375058,0.099256668,0.059605645,0.048863036,0.25674039,0.40105847,0.65869764,0.431156173,0.170423777,0.093877199,NA,NA,0.595787424,NA,0.494821548,0.102231086,0.041418272,0.835847748,0.684706224,0.037488072,0.630178973,0.200467417,0.25518115,NA,0.01,0.395435824,0.463854257,0.312385189,0.311655227,0.039039953,0.369734035,0.7280165,0.177824409,0.24633909,0.359976379,0.024208355,0.577297034,0.078270542,0.01
COP,NA,NA,NA,NA,NA,NA,NA,NA,NA,NA,NA,NA,NA,NA,NA,NA,NA,NA,NA,NA,NA,NA,NA,0.061914077,0.576168304,0.334697064,0.648319997,0.419743371,0.587789266,0.508029437,0.595583031,0.336317519,0.156346742,0.13290347,0.187079389,0.294063275,NA,0.531337141,0.020892404,0.01,0.458390232,0.275890106,0.822145151,0.683964037,0.010586475,0.312140185,NA,0.168053812,0.455047066,0.362486268,0.805864674,0.148781247,0.883620574,NA,0.474005341,0.073208968,0.01,0.064467698,0.431536793,0.205295022,0.539586401,0.33479102,0.206768005,0.16379851,0.109393748,0.424600873,0.479619731,0.769779487,0.273875085,0.424500821,0.0467778,NA,NA,0.800627077,NA,0.422090577,0.148151395,0.032205318,0.597325399,0.400434752,0.074885288,0.560940319,0.277594266,0.183598847,NA,0.294938773,0.270676226,0.108857038,0.174193121,0.488857521,0.225831999,0.7906535,0.656901254,0.499631324,0.404644671,0.298263386,0.622836388,0.453039623,0.090132384,0.917311906
COST,NA,NA,NA,NA,NA,NA,NA,NA,NA,NA,NA,NA,NA,NA,NA,NA,NA,NA,NA,NA,NA,NA,NA,NA,0.344173969,0.241123544,0.01,0.667015797,0.743640366,0.56702712,0.763956129,0.440980963,0.330157414,0.177015254,0.472685934,0.496158518,NA,0.707313184,0.065319468,0.01,0.261928917,0.415991232,0.571491625,0.496669708,0.070346378,0.2774859,NA,0.01,0.330922987,0.299760047,0.778809521,0.38529171,0.505975159,NA,0.963348329,0.527388628,0.260295869,0.279107357,0.377600339,0.613422497,0.271813599,0.03009678,0.095946195,0.199013716,0.07102853,0.462944026,0.307132559,0.735465751,0.526858964,0.39408686,0.102369159,NA,NA,0.727479585,NA,0.63317356,0.228995216,0.177621361,0.916601524,0.90780227,0.018928446,0.611628496,0.492455749,0.354895125,NA,0.130973249,0.566625534,0.602653611,0.437446139,0.272687632,0.160816293,0.442717776,0.853077257,0.371867651,0.452316127,0.494724368,0.026197284,0.74275356,0.414598299,0.124314638
CSCO,NA,NA,NA,NA,NA,NA,NA,NA,NA,NA,NA,NA,NA,NA,NA,NA,NA,NA,NA,NA,NA,NA,NA,NA,NA,0.37923914,0.491530356,0.712765052,0.413210635,0.518756654,0.748159747,0.611555293,0.294610932,0.458522724,0.687544735,0.613839758,NA,0.725734893,0.413392088,0.363175872,0.090297901,0.562891444,0.446989266,0.071215926,0.485055182,0.206250083,NA,0.229914512,0.085251573,0.070892947,0.550163453,0.56140054,0.017428179,NA,0.797437032,0.589036249,0.446088247,0.35519883,0.380752141,0.654718198,0.043658715,0.085798268,0.418895255,0.320250783,0.204507086,0.250736563,0.107675324,0.587241626,0.552808121,0.048693674,0.340634759,NA,NA,0.503451284,NA,0.544669191,0.400607594,0.327706542,0.74025189,0.593116885,0.339561753,0.781016252,0.536872064,0.485709665,NA,0.355136953,0.684627879,0.708168327,0.465221192,0.36368177,0.398095156,0.050241572,0.75158235,0.274488887,0.536355104,0.458490004,0.088662726,0.752860374,0.479274471,0.323956736
CVS,NA,NA,NA,NA,NA,NA,NA,NA,NA,NA,NA,NA,NA,NA,NA,NA,NA,NA,NA,NA,NA,NA,NA,NA,NA,NA,0.076196309,0.576912149,0.683800525,0.510764821,0.688414624,0.524346287,0.323916886,0.255722476,0.560209155,0.384963413,NA,0.766156018,0.276431307,0.088986277,0.315948288,0.414671736,0.546656339,0.541583935,0.231829946,0.154091867,NA,0.182482999,0.38585456,0.334590605,0.742947617,0.311796796,0.521131698,NA,0.959858338,0.538810009,0.457216732,0.549779041,0.150338357,0.687948868,0.460620528,0.14564877,0.222522294,0.142928095,0.023633104,0.235908077,0.362479068,0.745118448,0.510877232,0.51386546,0.150307134,NA,NA,0.761345592,NA,0.415855405,0.15315383,0.059139707,0.827939622,0.79321473,0.070698726,0.632961336,0.265437078,0.258477651,NA,0.024409754,0.522456611,0.532325205,0.510193681,0.315631315,0.246269898,0.467971168,0.733886485,0.351042939,0.198485077,0.560586918,0.210072244,0.754215841,0.049346668,0.289604009
CVX,NA,NA,NA,NA,NA,NA,NA,NA,NA,NA,NA,NA,NA,NA,NA,NA,NA,NA,NA,NA,NA,NA,NA,NA,NA,NA,NA,0.572227849,0.797544086,0.326092987,0.835891036,0.664723436,0.351284427,0.36211392,0.841978755,0.451579277,NA,0.828226557,0.435111882,0.01,0.477784738,0.354027428,0.491960891,0.583776804,0.060290855,0.037213489,NA,0.126036529,0.454422141,0.257589213,0.668271809,0.417725971,0.552841297,NA,0.938408356,0.601614185,0.10399886,0.526108896,0.423288258,0.567224504,0.341228648,0.093682719,0.616464772,0.024269435,0.028258491,0.461004208,0.279940423,0.660564989,0.46311808,0.551361249,0.025822508,NA,NA,0.641118443,NA,0.605733577,0.397330658,0.03340983,0.934741408,0.817513766,0.152988374,0.913234728,0.432509631,0.098646441,NA,0.096540926,0.609165298,0.689314634,0.494541482,0.19863024,0.213356759,0.660833745,0.954026933,0.132331527,0.323890754,0.410042258,0.25321441,0.857769899,0.186437615,0.574055468
DD,NA,NA,NA,NA,NA,NA,NA,NA,NA,NA,NA,NA,NA,NA,NA,NA,NA,NA,NA,NA,NA,NA,NA,NA,NA,NA,NA,NA,0.741499453,0.703010286,0.042702915,0.150972586,0.593542896,0.374456089,0.328456509,0.446456206,NA,0.40829181,0.422068828,0.191825132,0.636258462,0.364230371,0.91687671,0.712180099,0.06170663,0.536442758,NA,0.602713768,0.5344883,0.698641157,0.914044354,0.599508325,0.91177342,NA,0.692605186,0.51021616,0.316708002,0.5150623,0.769053604,0.265219062,0.828927098,0.579733931,0.627796964,0.635585174,0.535667078,0.653977801,0.599935751,0.901670703,0.311597456,0.698061134,0.244140439,NA,NA,0.911225488,NA,0.635271172,0.521924903,0.355561223,0.658899181,0.392385128,0.373737046,0.59385741,0.701986015,0.346795177,NA,0.711716612,0.667273277,0.405560553,0.62539451,0.503601073,0.651863111,0.871913859,0.731143457,0.8775216,0.608386111,0.33434981,0.828601414,0.442384796,0.568593154,0.926036276
DELL,NA,NA,NA,NA,NA,NA,NA,NA,NA,NA,NA,NA,NA,NA,NA,NA,NA,NA,NA,NA,NA,NA,NA,NA,NA,NA,NA,NA,NA,0.895373987,0.65395683,0.66167649,0.19928335,0.044982582,0.370898085,0.64175671,NA,0.473020959,0.086413975,0.634218646,0.403314807,0.611670412,0.927748832,0.659834103,0.50848974,0.778889629,NA,0.3945098,0.141336933,0.63703514,0.922248217,0.613236768,0.896147382,NA,0.439938238,0.482818801,0.485248805,0.088613653,0.785819184,0.448887807,0.497598571,0.429262525,0.365789845,0.821386881,0.51294963,0.403540841,0.598370921,0.919968648,0.632396953,0.252766489,0.570243282,NA,NA,0.936728558,NA,0.437310837,0.151160349,0.516261959,0.307827448,0.618533981,0.290356591,0.582555538,0.636238903,0.721898321,NA,0.602866429,0.588489956,0.490412202,0.179398007,0.746132019,0.587473736,0.72037951,0.468191641,0.904592903,0.747341139,0.594521804,0.654278616,0.630127276,0.661281694,0.902579647
DIS,NA,NA,NA,NA,NA,NA,NA,NA,NA,NA,NA,NA,NA,NA,NA,NA,NA,NA,NA,NA,NA,NA,NA,NA,NA,NA,NA,NA,NA,NA,0.673588511,0.432397648,0.66359259,0.479784396,0.731086404,0.653705838,NA,0.830922297,0.53436866,0.305062926,0.551149052,0.649096194,0.148226821,0.545703331,0.362749593,0.351833082,NA,0.427388423,0.483744188,0.507939829,0.520114788,0.828575353,0.456082468,NA,0.99,0.91865189,0.523061041,0.761769546,0.615759157,0.974804645,0.563679264,0.157378904,0.706666081,0.35925331,0.223173877,0.714055201,0.372342391,0.5622122,0.422151218,0.702839402,0.243867735,NA,NA,0.460438805,NA,0.919223429,0.748158518,0.6694259,0.959957701,0.924316918,0.405751789,0.827064571,0.875214374,0.060367907,NA,0.560599517,0.947941926,0.894162755,0.901717895,0.059627943,0.367627077,0.616189142,0.919537373,0.369915266,0.170231919,0.773737261,0.468520721,0.948145251,0.796818163,0.544630568
DOW,NA,NA,NA,NA,NA,NA,NA,NA,NA,NA,NA,NA,NA,NA,NA,NA,NA,NA,NA,NA,NA,NA,NA,NA,NA,NA,NA,NA,NA,NA,NA,0.048990437,0.47887878,0.443446162,0.417843493,0.431535227,NA,0.182023593,0.55479804,0.485431115,0.788289666,0.508324545,0.94459832,0.902177094,0.01431222,0.593923305,NA,0.754536004,0.604214451,0.703059543,0.911262833,0.621711801,0.968006141,NA,0.464273962,0.477650532,0.220125787,0.405816129,0.812339238,0.182560963,0.887393738,0.817974498,0.636478421,0.651183825,0.585423383,0.618560824,0.754839718,0.868811228,0.266167867,0.733926556,0.279387659,NA,NA,0.92308184,NA,0.588403125,0.497416346,0.32595073,0.435376813,0.082543564,0.481097337,0.670971285,0.688985127,0.379943125,NA,0.815615169,0.642397388,0.403115618,0.56355928,0.728792428,0.749835174,0.948510944,0.779710174,0.933915541,0.676795415,0.30162221,0.932872294,0.274376021,0.568495362,0.966668565
DVN,NA,NA,NA,NA,NA,NA,NA,NA,NA,NA,NA,NA,NA,NA,NA,NA,NA,NA,NA,NA,NA,NA,NA,NA,NA,NA,NA,NA,NA,NA,NA,NA,0.272229688,0.435649767,0.473831075,0.443899289,NA,0.382214102,0.409096768,0.181757233,0.746263883,0.327337975,0.59611488,0.65362452,0.025901477,0.262194574,NA,0.43084593,0.508354213,0.574460062,0.786641616,0.479260533,0.830225887,NA,0.55898062,0.40389887,0.01,0.411773411,0.657879932,0.368175554,0.705906486,0.589911299,0.60094283,0.340965605,0.31836965,0.556240904,0.532537429,0.699535025,0.307915046,0.701283367,0.090918508,NA,NA,0.828927705,NA,0.597817778,0.474163566,0.22329199,0.623872426,0.158729812,0.421489716,0.775921953,0.549708236,0.273743294,NA,0.52950729,0.510290267,0.474927052,0.499605754,0.50796168,0.480052782,0.802345997,0.717966272,0.589773183,0.471794962,0.377009077,0.690021639,0.526706114,0.42020859,0.896607073
EBAY,NA,NA,NA,NA,NA,NA,NA,NA,NA,NA,NA,NA,NA,NA,NA,NA,NA,NA,NA,NA,NA,NA,NA,NA,NA,NA,NA,NA,NA,NA,NA,NA,NA,0.217158729,0.322190816,0.43892827,NA,0.465654122,0.05132655,0.265826834,0.261197524,0.48566193,0.688204078,0.549637464,0.261470708,0.278326045,NA,0.179928944,0.277800434,0.352329833,0.918513534,0.33948783,0.534714866,NA,0.570535461,0.339746,0.058225756,0.278694421,0.22819675,0.460209095,0.417954583,0.269466623,0.165187489,0.391109596,0.43136808,0.460910397,0.533750456,0.859204309,0.320712437,0.132776867,0.36095541,NA,NA,0.794207158,NA,0.488708392,0.057048396,0.3323635,0.518647407,0.438128372,0.156568968,0.380576345,0.376694919,0.545332926,NA,0.248292715,0.293433155,0.483397828,0.177446129,0.443498764,0.187765094,0.289159157,0.315882752,0.570367233,0.487764617,0.477150814,0.287685032,0.436935481,0.252625955,0.440058968
EMC,NA,NA,NA,NA,NA,NA,NA,NA,NA,NA,NA,NA,NA,NA,NA,NA,NA,NA,NA,NA,NA,NA,NA,NA,NA,NA,NA,NA,NA,NA,NA,NA,NA,NA,0.100613769,0.308665966,NA,0.276445665,0.035113807,0.138348727,0.01,0.324538685,0.738958981,0.216185126,0.141569065,0.342525551,NA,0.154940726,0.199829819,0.139243706,0.687837212,0.193895137,0.589525384,NA,0.129548266,0.018904328,0.21165592,0.028896382,0.362970001,0.077067791,0.076003225,0.434852157,0.046165329,0.298906225,0.12167356,0.098462409,0.370671723,0.748807044,0.364789198,0.039620312,0.163400057,NA,NA,0.624863864,NA,0.162310451,0.073939795,0.053906791,0.042871875,0.13756847,0.074386347,0.310629727,0.17386277,0.312110819,NA,0.192061137,0.283402725,0.142691125,0.019312833,0.457425356,0.3025729,0.319290913,0.169977466,0.461369024,0.41115202,0.081341758,0.306668361,0.22331652,0.128884521,0.441348461
EMR,NA,NA,NA,NA,NA,NA,NA,NA,NA,NA,NA,NA,NA,NA,NA,NA,NA,NA,NA,NA,NA,NA,NA,NA,NA,NA,NA,NA,NA,NA,NA,NA,NA,NA,NA,0.259436799,NA,0.347270006,0.092776607,0.286999883,0.670868267,0.275602112,0.967140403,0.906259645,0.096894766,0.598212892,NA,0.782627974,0.504000193,0.581586495,0.921715532,0.243586545,0.975268029,NA,0.038940035,0.01,0.115202208,0.089196778,0.634747691,0.026951967,0.814162314,0.900224635,0.412297772,0.575441963,0.434250891,0.451925544,0.859088312,0.91197679,0.345137574,0.63605955,0.415404764,NA,NA,0.942683305,NA,0.339929063,0.165831046,0.100543154,0.017166689,0.152940072,0.246472539,0.348844557,0.349236713,0.38584935,NA,0.491948629,0.270738625,0.018273918,0.084378653,0.867824979,0.679249911,0.910994992,0.321069489,0.87688421,0.565728029,0.194640155,0.910248876,0.064007273,0.168418403,0.972008778
EXC,NA,NA,NA,NA,NA,NA,NA,NA,NA,NA,NA,NA,NA,NA,NA,NA,NA,NA,NA,NA,NA,NA,NA,NA,NA,NA,NA,NA,NA,NA,NA,NA,NA,NA,NA,NA,NA,0.605661145,0.23796328,0.370358227,0.497328016,0.219117136,0.706106581,0.667509441,0.361250642,0.601336294,NA,0.403234536,0.487774437,0.649221773,0.932442351,0.276667695,0.668106785,NA,0.445157238,0.416189213,0.454220786,0.517578368,0.531021446,0.086223803,0.653417328,0.41943081,0.391900874,0.772779904,0.642295049,0.610058943,0.578021855,0.916112209,0.358481552,0.556132238,0.631595157,NA,NA,0.907419569,NA,0.332409701,0.391616017,0.579175807,0.535709238,0.609555931,0.337086558,0.256133331,0.429249249,0.530425202,NA,0.463772371,0.097804736,0.238849287,0.558252156,0.650603876,0.517356354,0.610728077,0.277678469,0.841495938,0.524516182,0.514443068,0.50565886,0.319766577,0.30527431,0.663395154
F,NA,NA,NA,NA,NA,NA,NA,NA,NA,NA,NA,NA,NA,NA,NA,NA,NA,NA,NA,NA,NA,NA,NA,NA,NA,NA,NA,NA,NA,NA,NA,NA,NA,NA,NA,NA,NA,NA,NA,NA,NA,NA,NA,NA,NA,NA,NA,NA,NA,NA,NA,NA,NA,NA,NA,NA,NA,NA,NA,NA,NA,NA,NA,NA,NA,NA,NA,NA,NA,NA,NA,NA,NA,NA,NA,NA,NA,NA,NA,NA,NA,NA,NA,NA,NA,NA,NA,NA,NA,NA,NA,NA,NA,NA,NA,NA,NA,NA,NA,NA
FCX,NA,NA,NA,NA,NA,NA,NA,NA,NA,NA,NA,NA,NA,NA,NA,NA,NA,NA,NA,NA,NA,NA,NA,NA,NA,NA,NA,NA,NA,NA,NA,NA,NA,NA,NA,NA,NA,NA,0.422280478,0.653857122,0.726349772,0.495159707,0.942270735,0.761076648,0.503317814,0.715672882,NA,0.771038848,0.498188435,0.582734078,0.961577639,0.613262357,0.950575143,NA,0.340020572,0.382227376,0.315891272,0.468049926,0.770777727,0.396158444,0.811525768,0.79737902,0.629741885,0.790184835,0.695129399,0.639328555,0.689878077,0.949141189,0.552920902,0.740660857,0.642598015,NA,NA,0.961027931,NA,0.617164903,0.51937971,0.565722806,0.327263934,0.164243161,0.598914313,0.620296803,0.70736612,0.72865412,NA,0.709262908,0.62315342,0.509575356,0.504662625,0.901384876,0.751235839,0.903734378,0.593286399,0.917533282,0.780869673,0.470915262,0.893607164,0.464539274,0.603943663,0.950875608
FDX,NA,NA,NA,NA,NA,NA,NA,NA,NA,NA,NA,NA,NA,NA,NA,NA,NA,NA,NA,NA,NA,NA,NA,NA,NA,NA,NA,NA,NA,NA,NA,NA,NA,NA,NA,NA,NA,NA,NA,0.099730601,0.187174993,0.24165277,0.780958089,0.731264597,0.082642968,0.330418567,NA,0.121278892,0.418061793,0.321012151,0.766997859,0.037962025,0.820882246,NA,0.094058734,0.02575647,0.052257282,0.042959503,0.285045872,0.072681748,0.385976152,0.486969039,0.028375528,0.262336231,0.16108956,0.303309256,0.712893945,0.810944569,0.309191717,0.142160676,0.209083926,NA,NA,0.762447769,NA,0.113665892,0.021508435,0.069011787,0.029286492,0.317356493,0.055242166,0.077014326,0.094669983,0.301967809,NA,0.129178377,0.103296366,0.061094124,0.019350069,0.543469053,0.442864465,0.460302742,0.046028835,0.426302917,0.3614183,0.272306896,0.463003414,0.195128871,0.046647446,0.544348089
GD,NA,NA,NA,NA,NA,NA,NA,NA,NA,NA,NA,NA,NA,NA,NA,NA,NA,NA,NA,NA,NA,NA,NA,NA,NA,NA,NA,NA,NA,NA,NA,NA,NA,NA,NA,NA,NA,NA,NA,NA,0.247481742,0.337158943,0.468443878,0.353754416,0.01,0.097372232,NA,0.086397231,0.39522049,0.148736372,0.592637668,0.159269306,0.448814543,NA,0.613206929,0.38799534,0.048372459,0.091046505,0.315445927,0.262795889,0.098846145,0.033395373,0.149835236,0.050108844,0.04441947,0.247667761,0.163600903,0.693277402,0.191388371,0.441615352,0.01,NA,NA,0.59048678,NA,0.438276291,0.098795449,0.012378127,0.621872483,0.591147489,0.020864392,0.537283357,0.313183644,0.192366035,NA,0.064892801,0.332041103,0.160710828,0.381547649,0.194943893,0.081056346,0.488839988,0.708255663,0.316636466,0.25097279,0.289358255,0.14814286,0.479547093,0.099569939,0.208336071
GE,NA,NA,NA,NA,NA,NA,NA,NA,NA,NA,NA,NA,NA,NA,NA,NA,NA,NA,NA,NA,NA,NA,NA,NA,NA,NA,NA,NA,NA,NA,NA,NA,NA,NA,NA,NA,NA,NA,NA,NA,NA,0.438793525,0.638211877,0.315120341,0.401895899,0.322057844,NA,0.187859964,0.192458043,0.01,0.729019554,0.41949403,0.464820427,NA,0.671550015,0.376943802,0.308486184,0.194637873,0.441141107,0.500052496,0.01,0.199489769,0.194698203,0.328356018,0.08471595,0.217396521,0.190592449,0.670405405,0.547751153,0.184897766,0.249083654,NA,NA,0.677448272,NA,0.424189844,0.129952043,0.111959201,0.654884835,0.61280327,0.191571619,0.863022644,0.365168525,0.356754954,NA,0.212358279,0.526334057,0.551320687,0.048142723,0.527253045,0.429577682,0.207371441,0.681183407,0.376469735,0.479999545,0.325607277,0.065817819,0.664993641,0.287187133,0.381102704
GILD,NA,NA,NA,NA,NA,NA,NA,NA,NA,NA,NA,NA,NA,NA,NA,NA,NA,NA,NA,NA,NA,NA,NA,NA,NA,NA,NA,NA,NA,NA,NA,NA,NA,NA,NA,NA,NA,NA,NA,NA,NA,NA,0.648909091,0.593751167,0.3602287,0.552257138,NA,0.464016378,0.460961284,0.505076273,0.820006568,0.390226526,0.549372643,NA,0.722577674,0.400028172,0.308731131,0.531234054,0.576703873,0.242717314,0.595008522,0.464140367,0.410352308,0.589764427,0.597141802,0.609003141,0.527383688,0.813737658,0.513220426,0.588804268,0.542846673,NA,NA,0.798749439,NA,0.556604672,0.432934256,0.443971568,0.491851866,0.617116966,0.47153635,0.198620757,0.46866565,0.435720928,NA,0.476678053,0.318776827,0.193958376,0.440946068,0.656582361,0.53875621,0.571204093,0.296766572,0.753994824,0.571480434,0.287763765,0.474305067,0.217674054,0.396095099,0.573647811
GOOG,NA,NA,NA,NA,NA,NA,NA,NA,NA,NA,NA,NA,NA,NA,NA,NA,NA,NA,NA,NA,NA,NA,NA,NA,NA,NA,NA,NA,NA,NA,NA,NA,NA,NA,NA,NA,NA,NA,NA,NA,NA,NA,NA,0.625565442,0.287200343,0.319757533,NA,0.651577688,0.49877445,0.404583541,0.343364563,0.87720794,0.525083793,NA,0.99,0.957724127,0.759586067,0.840881415,0.525216602,0.93622282,0.484812624,0.056702389,0.938248465,0.095154665,0.030811557,0.63967283,0.408515623,0.476287062,0.790463387,0.701041688,0.168712806,NA,NA,0.155093386,NA,0.879650277,0.742521722,0.579261164,0.99,0.978136837,0.605542709,0.934353893,0.808336499,0.296828839,NA,0.654089147,0.927521007,0.956518711,0.861412986,0.01,0.266121831,0.748863428,0.988042025,0.01,0.35101016,0.785799463,0.584672359,0.952635607,0.755401071,0.47096241
GS,NA,NA,NA,NA,NA,NA,NA,NA,NA,NA,NA,NA,NA,NA,NA,NA,NA,NA,NA,NA,NA,NA,NA,NA,NA,NA,NA,NA,NA,NA,NA,NA,NA,NA,NA,NA,NA,NA,NA,NA,NA,NA,NA,NA,0.556909944,0.350412858,NA,0.530234465,0.26305353,0.049988812,0.587135655,0.693084167,0.371814888,NA,0.913717205,0.747100488,0.588754591,0.659662519,0.635043109,0.725391965,0.111487054,0.459345333,0.670045077,0.394122887,0.252726997,0.403584073,0.017428342,0.655732394,0.688118641,0.592685486,0.327061663,NA,NA,0.532091801,NA,0.660658637,0.560266517,0.333453878,0.902798823,0.690022503,0.524823178,0.917731479,0.67497585,0.460288173,NA,0.548088319,0.829335607,0.893351425,0.602889067,0.506768727,0.581515603,0.640511069,0.92735112,0.440699261,0.60367376,0.442626877,0.576734007,0.834154708,0.599414564,0.626186053
HAL,NA,NA,NA,NA,NA,NA,NA,NA,NA,NA,NA,NA,NA,NA,NA,NA,NA,NA,NA,NA,NA,NA,NA,NA,NA,NA,NA,NA,NA,NA,NA,NA,NA,NA,NA,NA,NA,NA,NA,NA,NA,NA,NA,NA,NA,0.152493696,NA,0.084281528,0.403414419,0.362325659,0.763536258,0.167486288,0.64344999,NA,0.454827236,0.127488575,0.013270315,0.180470677,0.402547944,0.216330194,0.349281513,0.187691492,0.20306496,0.173404648,0.109824591,0.431905507,0.378901783,0.717024357,0.031233778,0.562786915,0.037848889,NA,NA,0.82373883,NA,0.473348125,0.190383687,0.039257114,0.530354562,0.075356278,0.079882338,0.61503723,0.406534355,0.306794259,NA,0.184208784,0.301250654,0.212101539,0.46103588,0.285715454,0.035821343,0.543800517,0.503324478,0.388036433,0.198590915,0.310625299,0.417778903,0.496537406,0.111815048,0.534453776
HD,NA,NA,NA,NA,NA,NA,NA,NA,NA,NA,NA,NA,NA,NA,NA,NA,NA,NA,NA,NA,NA,NA,NA,NA,NA,NA,NA,NA,NA,NA,NA,NA,NA,NA,NA,NA,NA,NA,NA,NA,NA,NA,NA,NA,NA,NA,NA,0.083960978,0.317735325,0.213342514,0.632523897,0.61382266,0.138979929,NA,0.970487867,0.734946357,0.534355612,0.42840451,0.303851489,0.812629272,0.235345744,0.024316879,0.390951424,0.01,0.062875891,0.275817338,0.210240269,0.673985072,0.437201067,0.353408454,0.020113184,NA,NA,0.413462527,NA,0.77600729,0.271156626,0.22843878,0.882000469,0.743390844,0.159047692,0.683155747,0.672898121,0.26907667,NA,0.200989922,0.759569008,0.650881703,0.662127177,0.013070205,0.078586998,0.45312522,0.818669305,0.101071238,0.36715973,0.545644399,0.105947833,0.789564965,0.548376112,0.339201739
HNZ,NA,NA,NA,NA,NA,NA,NA,NA,NA,NA,NA,NA,NA,NA,NA,NA,NA,NA,NA,NA,NA,NA,NA,NA,NA,NA,NA,NA,NA,NA,NA,NA,NA,NA,NA,NA,NA,NA,NA,NA,NA,NA,NA,NA,NA,NA,NA,NA,NA,NA,NA,NA,NA,NA,NA,NA,NA,NA,NA,NA,NA,NA,NA,NA,NA,NA,NA,NA,NA,NA,NA,NA,NA,NA,NA,NA,NA,NA,NA,NA,NA,NA,NA,NA,NA,NA,NA,NA,NA,NA,NA,NA,NA,NA,NA,NA,NA,NA,NA,NA
HON,NA,NA,NA,NA,NA,NA,NA,NA,NA,NA,NA,NA,NA,NA,NA,NA,NA,NA,NA,NA,NA,NA,NA,NA,NA,NA,NA,NA,NA,NA,NA,NA,NA,NA,NA,NA,NA,NA,NA,NA,NA,NA,NA,NA,NA,NA,NA,NA,0.342052343,0.081035494,0.680579894,0.241307017,0.647108726,NA,0.859846703,0.573664566,0.057158401,0.120272209,0.171695827,0.568497639,0.052596417,0.041294385,0.075378162,0.070724624,0.024993828,0.246383603,0.436190485,0.699271296,0.36628976,0.219699454,0.0579841,NA,NA,0.601726405,NA,0.463154346,0.081468379,0.041641557,0.738637381,0.757286051,0.022476859,0.727213274,0.326422232,0.201148818,NA,0.066556641,0.530775917,0.597955457,0.294488265,0.289174472,0.042840055,0.371791577,0.964640389,0.270927784,0.316350328,0.3932932,0.171045463,0.670352024,0.137796182,0.1265558
HPQ,NA,NA,NA,NA,NA,NA,NA,NA,NA,NA,NA,NA,NA,NA,NA,NA,NA,NA,NA,NA,NA,NA,NA,NA,NA,NA,NA,NA,NA,NA,NA,NA,NA,NA,NA,NA,NA,NA,NA,NA,NA,NA,NA,NA,NA,NA,NA,NA,NA,0.187957006,0.529068388,0.390814162,0.303210932,NA,0.450187594,0.39961046,0.380778377,0.247878073,0.368889625,0.429849627,0.162328267,0.341622218,0.354123324,0.328589478,0.291134719,0.267901098,0.319799726,0.578862145,0.463139405,0.049728187,0.338148172,NA,NA,0.445505012,NA,0.38150205,0.272355852,0.310389806,0.429436912,0.426479304,0.323010402,0.527985838,0.391007151,0.420982234,NA,0.332698944,0.510753925,0.513704669,0.191053409,0.415340391,0.388962721,0.141585511,0.496500833,0.299332711,0.478606191,0.400553742,0.281799416,0.517238003,0.363484759,0.334897548
IBM,NA,NA,NA,NA,NA,NA,NA,NA,NA,NA,NA,NA,NA,NA,NA,NA,NA,NA,NA,NA,NA,NA,NA,NA,NA,NA,NA,NA,NA,NA,NA,NA,NA,NA,NA,NA,NA,NA,NA,NA,NA,NA,NA,NA,NA,NA,NA,NA,NA,NA,0.654304191,0.550278733,0.095987999,NA,0.802683259,0.548079671,0.300505564,0.37477146,0.526753985,0.561535323,0.01,0.063104871,0.310569487,0.339376959,0.09843294,0.318369866,0.035457899,0.69947142,0.569712171,0.169640473,0.211026963,NA,NA,0.590908445,NA,0.557560516,0.301595411,0.242526516,0.725811844,0.535439131,0.219737368,0.693900388,0.586726605,0.471749301,NA,0.333488397,0.682480782,0.678471775,0.405451036,0.319800897,0.341181359,0.189992667,0.694366123,0.267823592,0.532167478,0.47020556,0.087015156,0.758556126,0.456938613,0.25220167
INTC,NA,NA,NA,NA,NA,NA,NA,NA,NA,NA,NA,NA,NA,NA,NA,NA,NA,NA,NA,NA,NA,NA,NA,NA,NA,NA,NA,NA,NA,NA,NA,NA,NA,NA,NA,NA,NA,NA,NA,NA,NA,NA,NA,NA,NA,NA,NA,NA,NA,NA,NA,0.927589078,0.478836374,NA,0.99,0.949383832,0.806355553,0.908550921,0.830065133,0.957683022,0.652764977,0.291062433,0.911461297,0.712489464,0.598566339,0.885162032,0.337869528,0.071344147,0.887398958,0.822722232,0.677973753,NA,NA,0.048107098,NA,0.954796712,0.867118664,0.893041989,0.99,0.943022782,0.67710386,0.933847574,0.948374154,0.671576229,NA,0.775653748,0.955407859,0.982209912,0.906372903,0.477054979,0.683215178,0.706401209,0.954427276,0.477427501,0.691600406,0.881030542,0.594629091,0.969463047,0.90584478,0.687788021
JNJ,NA,NA,NA,NA,NA,NA,NA,NA,NA,NA,NA,NA,NA,NA,NA,NA,NA,NA,NA,NA,NA,NA,NA,NA,NA,NA,NA,NA,NA,NA,NA,NA,NA,NA,NA,NA,NA,NA,NA,NA,NA,NA,NA,NA,NA,NA,NA,NA,NA,NA,NA,NA,0.779309239,NA,0.917944154,0.241453775,0.284473072,0.303422818,0.516346529,0.205136394,0.695618139,0.303624784,0.159191262,0.735058438,0.425666339,0.563482586,0.573541232,0.893310069,0.359347162,0.49767151,0.436955254,NA,NA,0.933382983,NA,0.463393866,0.046911437,0.291668955,0.546966088,0.787856485,0.035558724,0.339402749,0.219050235,0.501715207,NA,0.197112432,0.062717015,0.119327397,0.380053739,0.641027873,0.442361445,0.631447242,0.39787205,0.756437826,0.497491698,0.487715038,0.428916069,0.337212917,0.053471514,0.835915169
JPM,NA,NA,NA,NA,NA,NA,NA,NA,NA,NA,NA,NA,NA,NA,NA,NA,NA,NA,NA,NA,NA,NA,NA,NA,NA,NA,NA,NA,NA,NA,NA,NA,NA,NA,NA,NA,NA,NA,NA,NA,NA,NA,NA,NA,NA,NA,NA,NA,NA,NA,NA,NA,NA,NA,0.981245269,0.937344981,0.731844083,0.808060178,0.528308412,0.905824793,0.03621535,0.262272562,0.875720802,0.215298947,0.120246328,0.307392883,0.255348781,0.538421797,0.793286818,0.654662123,0.42289403,NA,NA,0.352518376,NA,0.789972184,0.595824665,0.411886525,0.982449,0.958590398,0.557179515,0.963808865,0.694000987,0.354584002,NA,0.483169096,0.917147129,0.963320175,0.715230548,0.419972514,0.642463238,0.518656373,0.984710932,0.110063105,0.568398961,0.651462515,0.360847629,0.951465839,0.601897928,0.376517843
KO,NA,NA,NA,NA,NA,NA,NA,NA,NA,NA,NA,NA,NA,NA,NA,NA,NA,NA,NA,NA,NA,NA,NA,NA,NA,NA,NA,NA,NA,NA,NA,NA,NA,NA,NA,NA,NA,NA,NA,NA,NA,NA,NA,NA,NA,NA,NA,NA,NA,NA,NA,NA,NA,NA,NA,NA,NA,NA,NA,NA,NA,NA,NA,NA,NA,NA,NA,NA,NA,NA,NA,NA,NA,NA,0.02943621,NA,NA,NA,NA,NA,NA,NA,NA,NA,NA,NA,NA,NA,NA,NA,NA,NA,NA,NA,NA,NA,NA,NA,NA,NA
LLY,NA,NA,NA,NA,NA,NA,NA,NA,NA,NA,NA,NA,NA,NA,NA,NA,NA,NA,NA,NA,NA,NA,NA,NA,NA,NA,NA,NA,NA,NA,NA,NA,NA,NA,NA,NA,NA,NA,NA,NA,NA,NA,NA,NA,NA,NA,NA,NA,NA,NA,NA,NA,NA,NA,NA,0.253499619,0.550324788,0.447921694,0.949744225,0.023275775,0.978250291,0.82214864,0.575662819,0.99,0.926013997,0.953271939,0.899229528,0.973325176,0.661419025,0.668669131,0.876739736,NA,NA,0.99,NA,0.62489478,0.538891102,0.907747814,0.01,0.664940131,0.425488724,0.269911005,0.880644765,0.962831142,NA,0.900748803,0.558726131,0.092154663,0.332342925,0.960388808,0.91392369,0.955308141,0.054023901,0.989844168,0.964891942,0.551047186,0.939639101,0.012590353,0.918001179,0.99
LMT,NA,NA,NA,NA,NA,NA,NA,NA,NA,NA,NA,NA,NA,NA,NA,NA,NA,NA,NA,NA,NA,NA,NA,NA,NA,NA,NA,NA,NA,NA,NA,NA,NA,NA,NA,NA,NA,NA,NA,NA,NA,NA,NA,NA,NA,NA,NA,NA,NA,NA,NA,NA,NA,NA,NA,NA,0.195360994,0.072583851,0.765711177,0.036618133,0.720214348,0.536625871,0.233703097,0.730435607,0.530794614,0.509186703,0.627877496,0.933973581,0.55581102,0.530638026,0.426854205,NA,NA,0.956837377,NA,0.436661366,0.09607637,0.242736858,0.064862893,0.785542555,0.046505606,0.19909878,0.56625685,0.574377747,NA,0.577426163,0.433513347,0.042075993,0.200634555,0.805433133,0.731477998,0.860304502,0.285306525,0.918226513,0.687744121,0.327607555,0.756275279,0.133263479,0.411551603,0.962059387
LOW,NA,NA,NA,NA,NA,NA,NA,NA,NA,NA,NA,NA,NA,NA,NA,NA,NA,NA,NA,NA,NA,NA,NA,NA,NA,NA,NA,NA,NA,NA,NA,NA,NA,NA,NA,NA,NA,NA,NA,NA,NA,NA,NA,NA,NA,NA,NA,NA,NA,NA,NA,NA,NA,NA,NA,NA,NA,0.097044509,0.467131547,0.431538744,0.474779078,0.292224336,0.097338336,0.311740825,0.290433075,0.473713168,0.496471251,0.83787209,0.258656308,0.233761377,0.063457458,NA,NA,0.749554904,NA,0.540876722,0.226870103,0.274652605,0.3626195,0.223493063,0.176477585,0.351102959,0.501928548,0.417133511,NA,0.345956434,0.361144755,0.280486177,0.423500874,0.44622341,0.181887351,0.621059937,0.424547422,0.45020612,0.491938283,0.435764687,0.501044653,0.322038236,0.380122415,0.676098696
MA,NA,NA,NA,NA,NA,NA,NA,NA,NA,NA,NA,NA,NA,NA,NA,NA,NA,NA,NA,NA,NA,NA,NA,NA,NA,NA,NA,NA,NA,NA,NA,NA,NA,NA,NA,NA,NA,NA,NA,NA,NA,NA,NA,NA,NA,NA,NA,NA,NA,NA,NA,NA,NA,NA,NA,NA,NA,NA,0.429374914,0.344364354,0.474072345,0.342490221,0.072474694,0.578888172,0.430417586,0.455016093,0.574918652,0.864519398,0.487420324,0.318222934,0.563940638,NA,NA,0.936669326,NA,0.451307122,0.101843614,0.20449389,0.240115926,0.157005112,0.01,0.547612108,0.517466161,0.605610598,NA,0.33524008,0.462672162,0.379714142,0.292017364,0.710570898,0.245447509,0.462314371,0.396275281,0.824789211,0.581422641,0.504109659,0.474815189,0.517581554,0.287442084,0.714502509
MCD,NA,NA,NA,NA,NA,NA,NA,NA,NA,NA,NA,NA,NA,NA,NA,NA,NA,NA,NA,NA,NA,NA,NA,NA,NA,NA,NA,NA,NA,NA,NA,NA,NA,NA,NA,NA,NA,NA,NA,NA,NA,NA,NA,NA,NA,NA,NA,NA,NA,NA,NA,NA,NA,NA,NA,NA,NA,NA,NA,0.708561969,0.382093252,0.099611772,0.433229341,0.370359934,0.100879103,0.336915806,0.483371133,0.768169528,0.4684498,0.445615059,0.41011777,NA,NA,0.813257121,NA,0.507811783,0.051829319,0.200244478,0.913872817,0.919903989,0.044574985,0.710866695,0.402988556,0.435595278,NA,0.049552073,0.552017779,0.720800828,0.500583801,0.439513483,0.101824163,0.414105425,0.764817877,0.416854375,0.153745669,0.652981353,0.185188882,0.864740218,0.232688601,0.462102262
MDLZ,NA,NA,NA,NA,NA,NA,NA,NA,NA,NA,NA,NA,NA,NA,NA,NA,NA,NA,NA,NA,NA,NA,NA,NA,NA,NA,NA,NA,NA,NA,NA,NA,NA,NA,NA,NA,NA,NA,NA,NA,NA,NA,NA,NA,NA,NA,NA,NA,NA,NA,NA,NA,NA,NA,NA,NA,NA,NA,NA,NA,0.848164944,0.549839669,0.332699145,0.912149092,0.5878091,0.625453449,0.641745829,0.951592856,0.305427758,0.544067371,0.523574635,NA,NA,0.959781368,NA,0.294364128,0.343624472,0.460403615,0.141234009,0.458841163,0.240595955,0.079171271,0.393719576,0.697284543,NA,0.451235528,0.185080555,0.01,0.355505117,0.823773286,0.632335202,0.774237247,0.114632688,0.928916213,0.754055676,0.278230406,0.65071933,0.01,0.391959047,0.910057806
MDT,NA,NA,NA,NA,NA,NA,NA,NA,NA,NA,NA,NA,NA,NA,NA,NA,NA,NA,NA,NA,NA,NA,NA,NA,NA,NA,NA,NA,NA,NA,NA,NA,NA,NA,NA,NA,NA,NA,NA,NA,NA,NA,NA,NA,NA,NA,NA,NA,NA,NA,NA,NA,NA,NA,NA,NA,NA,NA,NA,NA,NA,0.01839178,0.422037306,0.297496995,0.065221811,0.452367169,0.060669068,0.658352964,0.681192988,0.089825051,0.182665314,NA,NA,0.61102528,NA,0.698979777,0.398001971,0.289678394,0.916002564,0.793696157,0.164026048,0.855264307,0.646347856,0.456995545,NA,0.341322543,0.863170196,0.816044457,0.486988826,0.247181171,0.358349883,0.086095978,0.942672205,0.132083488,0.506936359,0.578709282,0.022248215,0.867278727,0.518901624,0.082518266
MET,NA,NA,NA,NA,NA,NA,NA,NA,NA,NA,NA,NA,NA,NA,NA,NA,NA,NA,NA,NA,NA,NA,NA,NA,NA,NA,NA,NA,NA,NA,NA,NA,NA,NA,NA,NA,NA,NA,NA,NA,NA,NA,NA,NA,NA,NA,NA,NA,NA,NA,NA,NA,NA,NA,NA,NA,NA,NA,NA,NA,NA,NA,0.34674773,0.02063451,0.012956707,0.167092186,0.465131725,0.405451536,0.401295211,0.04061383,0.061736506,NA,NA,0.194321632,NA,0.466464012,0.240229027,0.05566855,0.787884237,0.592842227,0.159286004,0.856802255,0.288604916,0.155485708,NA,0.040546057,0.521876198,0.660743379,0.383099015,0.048281264,0.01128312,0.060239527,0.848829702,0.01,0.138328561,0.434623979,0.052396664,0.741600667,0.17552438,0.01
MMM,NA,NA,NA,NA,NA,NA,NA,NA,NA,NA,NA,NA,NA,NA,NA,NA,NA,NA,NA,NA,NA,NA,NA,NA,NA,NA,NA,NA,NA,NA,NA,NA,NA,NA,NA,NA,NA,NA,NA,NA,NA,NA,NA,NA,NA,NA,NA,NA,NA,NA,NA,NA,NA,NA,NA,NA,NA,NA,NA,NA,NA,NA,NA,0.36061127,0.120559271,0.300504793,0.563030094,0.847162064,0.44168226,0.274815338,0.183128647,NA,NA,0.901425892,NA,0.316978448,0.01,0.023598153,0.65200358,0.662872752,0.014858909,0.577810745,0.269081027,0.347120775,NA,0.104404966,0.467830632,0.457350576,0.079859291,0.59224041,0.28288279,0.684351785,0.663203793,0.589715621,0.452303285,0.274692478,0.433473409,0.565396231,0.08335675,0.969297641
MO,NA,NA,NA,NA,NA,NA,NA,NA,NA,NA,NA,NA,NA,NA,NA,NA,NA,NA,NA,NA,NA,NA,NA,NA,NA,NA,NA,NA,NA,NA,NA,NA,NA,NA,NA,NA,NA,NA,NA,NA,NA,NA,NA,NA,NA,NA,NA,NA,NA,NA,NA,NA,NA,NA,NA,NA,NA,NA,NA,NA,NA,NA,NA,NA,0.017378437,0.476034768,0.216165634,0.650029608,0.346618184,0.398648336,0.046996561,NA,NA,0.570923073,NA,0.853854028,0.548625042,0.603454252,0.944296212,0.86257091,0.187104302,0.735162635,0.825004594,0.343227063,NA,0.097879186,0.738099523,0.727334524,0.785202219,0.022499016,0.07383421,0.363815067,0.764660805,0.284174296,0.316402079,0.726396437,0.077439598,0.930084703,0.600340136,0.185758051
MON,NA,NA,NA,NA,NA,NA,NA,NA,NA,NA,NA,NA,NA,NA,NA,NA,NA,NA,NA,NA,NA,NA,NA,NA,NA,NA,NA,NA,NA,NA,NA,NA,NA,NA,NA,NA,NA,NA,NA,NA,NA,NA,NA,NA,NA,NA,NA,NA,NA,NA,NA,NA,NA,NA,NA,NA,NA,NA,NA,NA,NA,NA,NA,NA,NA,0.363976198,0.078309195,0.588694127,0.378642138,0.285243138,0.041252234,NA,NA,0.493665524,NA,0.594326469,0.225189636,0.059912671,0.749089364,0.608296801,0.050761057,0.578844063,0.519417587,0.339391912,NA,0.064850722,0.590572562,0.655119358,0.612955398,0.02748074,0.0298658,0.206856683,0.588391725,0.043966998,0.101485815,0.458654678,0.049512139,0.738567638,0.273248265,0.052859477
MRK,NA,NA,NA,NA,NA,NA,NA,NA,NA,NA,NA,NA,NA,NA,NA,NA,NA,NA,NA,NA,NA,NA,NA,NA,NA,NA,NA,NA,NA,NA,NA,NA,NA,NA,NA,NA,NA,NA,NA,NA,NA,NA,NA,NA,NA,NA,NA,NA,NA,NA,NA,NA,NA,NA,NA,NA,NA,NA,NA,NA,NA,NA,NA,NA,NA,NA,0.34543193,0.750582366,0.522090446,0.306187606,0.440061327,NA,NA,0.799542878,NA,0.477428833,0.193652302,0.212407419,0.742225573,0.667958786,0.089882998,0.628334495,0.458059163,0.609961115,NA,0.089281051,0.701160329,0.644903076,0.451355932,0.406727255,0.354063339,0.296878536,0.577529331,0.60193499,0.527731716,0.428305932,0.166703725,0.697617622,0.397863011,0.503059649
MS,NA,NA,NA,NA,NA,NA,NA,NA,NA,NA,NA,NA,NA,NA,NA,NA,NA,NA,NA,NA,NA,NA,NA,NA,NA,NA,NA,NA,NA,NA,NA,NA,NA,NA,NA,NA,NA,NA,NA,NA,NA,NA,NA,NA,NA,NA,NA,NA,NA,NA,NA,NA,NA,NA,NA,NA,NA,NA,NA,NA,NA,NA,NA,NA,NA,NA,NA,0.482905411,0.577914914,0.474190774,0.12318155,NA,NA,0.219331975,NA,0.591373895,0.524376758,0.222074563,0.812174737,0.600486877,0.499640438,0.818712976,0.551544851,0.318161309,NA,0.395116274,0.743501042,0.803451276,0.56561474,0.248352258,0.427315718,0.477181684,0.900256884,0.145512948,0.413151307,0.323821455,0.426535905,0.751659028,0.468096086,0.288968888
MSFT,NA,NA,NA,NA,NA,NA,NA,NA,NA,NA,NA,NA,NA,NA,NA,NA,NA,NA,NA,NA,NA,NA,NA,NA,NA,NA,NA,NA,NA,NA,NA,NA,NA,NA,NA,NA,NA,NA,NA,NA,NA,NA,NA,NA,NA,NA,NA,NA,NA,NA,NA,NA,NA,NA,NA,NA,NA,NA,NA,NA,NA,NA,NA,NA,NA,NA,NA,NA,0.819686947,0.75436583,0.655016499,NA,NA,0.156687255,NA,0.907710589,0.802090433,0.876007349,0.965162824,0.922659982,0.717205403,0.884539345,0.921209876,0.70493025,NA,0.760873754,0.933310359,0.943022074,0.923278965,0.493546582,0.696305984,0.721190046,0.934796847,0.490748347,0.67769621,0.902057207,0.650283129,0.958244616,0.879191312,0.682196055
NKE,NA,NA,NA,NA,NA,NA,NA,NA,NA,NA,NA,NA,NA,NA,NA,NA,NA,NA,NA,NA,NA,NA,NA,NA,NA,NA,NA,NA,NA,NA,NA,NA,NA,NA,NA,NA,NA,NA,NA,NA,NA,NA,NA,NA,NA,NA,NA,NA,NA,NA,NA,NA,NA,NA,NA,NA,NA,NA,NA,NA,NA,NA,NA,NA,NA,NA,NA,NA,NA,0.566973361,0.268965894,NA,NA,0.910062332,NA,0.547548554,0.264840026,0.069164024,0.624111457,0.489446727,0.084568873,0.598027282,0.54066313,0.262271767,NA,0.460086695,0.445100779,0.415341878,0.56187684,0.399806397,0.113358494,0.755428571,0.667929503,0.713185567,0.18900979,0.529134543,0.661426977,0.504499502,0.272448061,0.789721806
NOV,NA,NA,NA,NA,NA,NA,NA,NA,NA,NA,NA,NA,NA,NA,NA,NA,NA,NA,NA,NA,NA,NA,NA,NA,NA,NA,NA,NA,NA,NA,NA,NA,NA,NA,NA,NA,NA,NA,NA,NA,NA,NA,NA,NA,NA,NA,NA,NA,NA,NA,NA,NA,NA,NA,NA,NA,NA,NA,NA,NA,NA,NA,NA,NA,NA,NA,NA,NA,NA,NA,0.475818465,NA,NA,0.854989478,NA,0.509420795,0.158059449,0.283300025,0.660222478,0.617575684,0.258301601,0.825727144,0.486688257,0.54439717,NA,0.227179906,0.564626797,0.618247533,0.289744278,0.664311007,0.386198916,0.057307275,0.668485216,0.419802847,0.567314814,0.531558137,0.097024306,0.729560603,0.422880147,0.545977825
NSC,NA,NA,NA,NA,NA,NA,NA,NA,NA,NA,NA,NA,NA,NA,NA,NA,NA,NA,NA,NA,NA,NA,NA,NA,NA,NA,NA,NA,NA,NA,NA,NA,NA,NA,NA,NA,NA,NA,NA,NA,NA,NA,NA,NA,NA,NA,NA,NA,NA,NA,NA,NA,NA,NA,NA,NA,NA,NA,NA,NA,NA,NA,NA,NA,NA,NA,NA,NA,NA,NA,NA,NA,NA,0.608939454,NA,0.629799516,0.390439608,0.034521368,0.736394641,0.405606232,0.129265278,0.706584138,0.642593778,0.367991051,NA,0.178699849,0.617083812,0.632985509,0.598446561,0.142146668,0.09483485,0.473300909,0.690912325,0.44218179,0.476024397,0.292144566,0.228470611,0.816459972,0.312612652,0.344363064
NWSA,NA,NA,NA,NA,NA,NA,NA,NA,NA,NA,NA,NA,NA,NA,NA,NA,NA,NA,NA,NA,NA,NA,NA,NA,NA,NA,NA,NA,NA,NA,NA,NA,NA,NA,NA,NA,NA,NA,NA,NA,NA,NA,NA,NA,NA,NA,NA,NA,NA,NA,NA,NA,NA,NA,NA,NA,NA,NA,NA,NA,NA,NA,NA,NA,NA,NA,NA,NA,NA,NA,NA,NA,NA,NA,NA,NA,NA,NA,NA,NA,NA,NA,NA,NA,NA,NA,NA,NA,NA,NA,NA,NA,NA,NA,NA,NA,NA,NA,NA,NA
ORCL,NA,NA,NA,NA,NA,NA,NA,NA,NA,NA,NA,NA,NA,NA,NA,NA,NA,NA,NA,NA,NA,NA,NA,NA,NA,NA,NA,NA,NA,NA,NA,NA,NA,NA,NA,NA,NA,NA,NA,NA,NA,NA,NA,NA,NA,NA,NA,NA,NA,NA,NA,NA,NA,NA,NA,NA,NA,NA,NA,NA,NA,NA,NA,NA,NA,NA,NA,NA,NA,NA,NA,NA,NA,NA,NA,NA,NA,NA,NA,NA,NA,NA,NA,NA,NA,NA,NA,NA,NA,NA,NA,NA,NA,NA,NA,NA,NA,NA,NA,NA
OXY,NA,NA,NA,NA,NA,NA,NA,NA,NA,NA,NA,NA,NA,NA,NA,NA,NA,NA,NA,NA,NA,NA,NA,NA,NA,NA,NA,NA,NA,NA,NA,NA,NA,NA,NA,NA,NA,NA,NA,NA,NA,NA,NA,NA,NA,NA,NA,NA,NA,NA,NA,NA,NA,NA,NA,NA,NA,NA,NA,NA,NA,NA,NA,NA,NA,NA,NA,NA,NA,NA,NA,NA,NA,NA,NA,0.932116837,0.816963621,0.866450625,0.979679981,0.953461836,0.664141724,0.962125726,0.935283364,0.705106557,NA,0.778151977,0.954868771,0.953980083,0.957432061,0.282341631,0.637702669,0.680345077,0.960321725,0.288802294,0.640559917,0.89617387,0.583795489,0.982254646,0.905367545,0.672322349
PEP,NA,NA,NA,NA,NA,NA,NA,NA,NA,NA,NA,NA,NA,NA,NA,NA,NA,NA,NA,NA,NA,NA,NA,NA,NA,NA,NA,NA,NA,NA,NA,NA,NA,NA,NA,NA,NA,NA,NA,NA,NA,NA,NA,NA,NA,NA,NA,NA,NA,NA,NA,NA,NA,NA,NA,NA,NA,NA,NA,NA,NA,NA,NA,NA,NA,NA,NA,NA,NA,NA,NA,NA,NA,NA,NA,NA,NA,NA,NA,NA,NA,NA,NA,NA,NA,NA,NA,NA,NA,NA,NA,NA,NA,NA,NA,NA,NA,NA,NA,NA
PFE,NA,NA,NA,NA,NA,NA,NA,NA,NA,NA,NA,NA,NA,NA,NA,NA,NA,NA,NA,NA,NA,NA,NA,NA,NA,NA,NA,NA,NA,NA,NA,NA,NA,NA,NA,NA,NA,NA,NA,NA,NA,NA,NA,NA,NA,NA,NA,NA,NA,NA,NA,NA,NA,NA,NA,NA,NA,NA,NA,NA,NA,NA,NA,NA,NA,NA,NA,NA,NA,NA,NA,NA,NA,NA,NA,NA,0.085236457,0.510879209,0.525409197,0.696072387,0.190886475,0.440377649,0.113874662,0.712285825,NA,0.357633186,0.431004762,0.376712624,0.226071287,0.760670791,0.56473728,0.621095643,0.262700112,0.906494723,0.624055879,0.343375457,0.51515208,0.422549859,0.289534107,0.787152341
PG,NA,NA,NA,NA,NA,NA,NA,NA,NA,NA,NA,NA,NA,NA,NA,NA,NA,NA,NA,NA,NA,NA,NA,NA,NA,NA,NA,NA,NA,NA,NA,NA,NA,NA,NA,NA,NA,NA,NA,NA,NA,NA,NA,NA,NA,NA,NA,NA,NA,NA,NA,NA,NA,NA,NA,NA,NA,NA,NA,NA,NA,NA,NA,NA,NA,NA,NA,NA,NA,NA,NA,NA,NA,NA,NA,NA,NA,0.091075307,0.24792327,0.533791543,0.012582154,0.335782536,0.074942913,0.491842003,NA,0.047744319,0.074636433,0.275779261,0.047672723,0.55659858,0.230230491,0.380817086,0.148109932,0.636812978,0.483760565,0.419074849,0.205727153,0.350017463,0.047476348,0.501273766
PM,NA,NA,NA,NA,NA,NA,NA,NA,NA,NA,NA,NA,NA,NA,NA,NA,NA,NA,NA,NA,NA,NA,NA,NA,NA,NA,NA,NA,NA,NA,NA,NA,NA,NA,NA,NA,NA,NA,NA,NA,NA,NA,NA,NA,NA,NA,NA,NA,NA,NA,NA,NA,NA,NA,NA,NA,NA,NA,NA,NA,NA,NA,NA,NA,NA,NA,NA,NA,NA,NA,NA,NA,NA,NA,NA,NA,NA,NA,0.599407967,0.434037328,0.01,0.471993839,0.575648594,0.502047141,NA,0.046975225,0.496466392,0.362929427,0.557137357,0.192910282,0.081477308,0.39527741,0.433362078,0.584546397,0.345369038,0.350610833,0.121840652,0.59030874,0.245151778,0.434471798
QCOM,NA,NA,NA,NA,NA,NA,NA,NA,NA,NA,NA,NA,NA,NA,NA,NA,NA,NA,NA,NA,NA,NA,NA,NA,NA,NA,NA,NA,NA,NA,NA,NA,NA,NA,NA,NA,NA,NA,NA,NA,NA,NA,NA,NA,NA,NA,NA,NA,NA,NA,NA,NA,NA,NA,NA,NA,NA,NA,NA,NA,NA,NA,NA,NA,NA,NA,NA,NA,NA,NA,NA,NA,NA,NA,NA,NA,NA,NA,NA,0.428940262,0.511903258,0.365619779,0.692171828,0.8188674,NA,0.768929053,0.543891852,0.39755572,0.060085514,0.956321036,0.72972846,0.956453695,0.062686802,0.99,0.862018383,0.403160516,0.88004364,0.13901537,0.60030873,0.99
RTN,NA,NA,NA,NA,NA,NA,NA,NA,NA,NA,NA,NA,NA,NA,NA,NA,NA,NA,NA,NA,NA,NA,NA,NA,NA,NA,NA,NA,NA,NA,NA,NA,NA,NA,NA,NA,NA,NA,NA,NA,NA,NA,NA,NA,NA,NA,NA,NA,NA,NA,NA,NA,NA,NA,NA,NA,NA,NA,NA,NA,NA,NA,NA,NA,NA,NA,NA,NA,NA,NA,NA,NA,NA,NA,NA,NA,NA,NA,NA,NA,0.320849883,0.639605654,0.848084794,0.636038128,NA,0.851522553,0.787769582,0.545882368,0.607521435,0.797303953,0.764429777,0.950831023,0.818487367,0.926133274,0.819241799,0.520097951,0.917287397,0.507549315,0.779401507,0.976649459
SBUX,NA,NA,NA,NA,NA,NA,NA,NA,NA,NA,NA,NA,NA,NA,NA,NA,NA,NA,NA,NA,NA,NA,NA,NA,NA,NA,NA,NA,NA,NA,NA,NA,NA,NA,NA,NA,NA,NA,NA,NA,NA,NA,NA,NA,NA,NA,NA,NA,NA,NA,NA,NA,NA,NA,NA,NA,NA,NA,NA,NA,NA,NA,NA,NA,NA,NA,NA,NA,NA,NA,NA,NA,NA,NA,NA,NA,NA,NA,NA,NA,NA,0.46957783,0.11161844,0.268332534,NA,0.019673321,0.23850545,0.183181346,0.163262537,0.306674375,0.010990927,0.355021439,0.461149432,0.445766932,0.112386313,0.264661823,0.180128751,0.416511588,0.019798649,0.243102366
SLB,NA,NA,NA,NA,NA,NA,NA,NA,NA,NA,NA,NA,NA,NA,NA,NA,NA,NA,NA,NA,NA,NA,NA,NA,NA,NA,NA,NA,NA,NA,NA,NA,NA,NA,NA,NA,NA,NA,NA,NA,NA,NA,NA,NA,NA,NA,NA,NA,NA,NA,NA,NA,NA,NA,NA,NA,NA,NA,NA,NA,NA,NA,NA,NA,NA,NA,NA,NA,NA,NA,NA,NA,NA,NA,NA,NA,NA,NA,NA,NA,NA,NA,0.363301678,0.553267863,NA,0.598022169,0.174600279,0.048287683,0.071577083,0.928255951,0.736514959,0.905442596,0.056437724,0.864936014,0.645067477,0.396825379,0.896319696,0.342389561,0.273671265,0.956224823
SO,NA,NA,NA,NA,NA,NA,NA,NA,NA,NA,NA,NA,NA,NA,NA,NA,NA,NA,NA,NA,NA,NA,NA,NA,NA,NA,NA,NA,NA,NA,NA,NA,NA,NA,NA,NA,NA,NA,NA,NA,NA,NA,NA,NA,NA,NA,NA,NA,NA,NA,NA,NA,NA,NA,NA,NA,NA,NA,NA,NA,NA,NA,NA,NA,NA,NA,NA,NA,NA,NA,NA,NA,NA,NA,NA,NA,NA,NA,NA,NA,NA,NA,NA,0.712355918,NA,0.219011407,0.266051665,0.400712892,0.395811856,0.712819376,0.51747298,0.534568887,0.34215675,0.780686948,0.592946548,0.532678735,0.399160276,0.610954748,0.040710326,0.712680588
SPG,NA,NA,NA,NA,NA,NA,NA,NA,NA,NA,NA,NA,NA,NA,NA,NA,NA,NA,NA,NA,NA,NA,NA,NA,NA,NA,NA,NA,NA,NA,NA,NA,NA,NA,NA,NA,NA,NA,NA,NA,NA,NA,NA,NA,NA,NA,NA,NA,NA,NA,NA,NA,NA,NA,NA,NA,NA,NA,NA,NA,NA,NA,NA,NA,NA,NA,NA,NA,NA,NA,NA,NA,NA,NA,NA,NA,NA,NA,NA,NA,NA,NA,NA,NA,NA,0.374008323,0.601864647,0.59928022,0.798013867,0.223127354,0.307217632,0.44811425,0.526959551,0.543674069,0.218374613,0.539808062,0.294995676,0.810574226,0.48236779,0.395278938
T,NA,NA,NA,NA,NA,NA,NA,NA,NA,NA,NA,NA,NA,NA,NA,NA,NA,NA,NA,NA,NA,NA,NA,NA,NA,NA,NA,NA,NA,NA,NA,NA,NA,NA,NA,NA,NA,NA,NA,NA,NA,NA,NA,NA,NA,NA,NA,NA,NA,NA,NA,NA,NA,NA,NA,NA,NA,NA,NA,NA,NA,NA,NA,NA,NA,NA,NA,NA,NA,NA,NA,NA,NA,NA,NA,NA,NA,NA,NA,NA,NA,NA,NA,NA,NA,NA,NA,NA,NA,NA,NA,NA,NA,NA,NA,NA,NA,NA,NA,NA
TGT,NA,NA,NA,NA,NA,NA,NA,NA,NA,NA,NA,NA,NA,NA,NA,NA,NA,NA,NA,NA,NA,NA,NA,NA,NA,NA,NA,NA,NA,NA,NA,NA,NA,NA,NA,NA,NA,NA,NA,NA,NA,NA,NA,NA,NA,NA,NA,NA,NA,NA,NA,NA,NA,NA,NA,NA,NA,NA,NA,NA,NA,NA,NA,NA,NA,NA,NA,NA,NA,NA,NA,NA,NA,NA,NA,NA,NA,NA,NA,NA,NA,NA,NA,NA,NA,NA,0.398504193,0.516999913,0.34583268,0.29542452,0.114055922,0.422788499,0.721672776,0.251961084,0.320922717,0.443077178,0.049493343,0.690465049,0.085999487,0.168670944
TWX,NA,NA,NA,NA,NA,NA,NA,NA,NA,NA,NA,NA,NA,NA,NA,NA,NA,NA,NA,NA,NA,NA,NA,NA,NA,NA,NA,NA,NA,NA,NA,NA,NA,NA,NA,NA,NA,NA,NA,NA,NA,NA,NA,NA,NA,NA,NA,NA,NA,NA,NA,NA,NA,NA,NA,NA,NA,NA,NA,NA,NA,NA,NA,NA,NA,NA,NA,NA,NA,NA,NA,NA,NA,NA,NA,NA,NA,NA,NA,NA,NA,NA,NA,NA,NA,NA,NA,0.112952135,0.314615954,0.837875488,0.608527366,0.752797709,0.322886839,0.902806831,0.599210899,0.508566294,0.707130628,0.228251987,0.03855432,0.923618192
TXN,NA,NA,NA,NA,NA,NA,NA,NA,NA,NA,NA,NA,NA,NA,NA,NA,NA,NA,NA,NA,NA,NA,NA,NA,NA,NA,NA,NA,NA,NA,NA,NA,NA,NA,NA,NA,NA,NA,NA,NA,NA,NA,NA,NA,NA,NA,NA,NA,NA,NA,NA,NA,NA,NA,NA,NA,NA,NA,NA,NA,NA,NA,NA,NA,NA,NA,NA,NA,NA,NA,NA,NA,NA,NA,NA,NA,NA,NA,NA,NA,NA,NA,NA,NA,NA,NA,NA,NA,0.220808008,0.879192417,0.620794194,0.870022207,0.1492367,0.927331575,0.671164756,0.272626027,0.767300423,0.034026926,0.178062203,0.937252078
UNH,NA,NA,NA,NA,NA,NA,NA,NA,NA,NA,NA,NA,NA,NA,NA,NA,NA,NA,NA,NA,NA,NA,NA,NA,NA,NA,NA,NA,NA,NA,NA,NA,NA,NA,NA,NA,NA,NA,NA,NA,NA,NA,NA,NA,NA,NA,NA,NA,NA,NA,NA,NA,NA,NA,NA,NA,NA,NA,NA,NA,NA,NA,NA,NA,NA,NA,NA,NA,NA,NA,NA,NA,NA,NA,NA,NA,NA,NA,NA,NA,NA,NA,NA,NA,NA,NA,NA,NA,NA,0.690598311,0.558394766,0.334145892,0.01,0.730018116,0.623008823,0.549067599,0.357070655,0.443718377,0.398735712,0.616169605
UNP,NA,NA,NA,NA,NA,NA,NA,NA,NA,NA,NA,NA,NA,NA,NA,NA,NA,NA,NA,NA,NA,NA,NA,NA,NA,NA,NA,NA,NA,NA,NA,NA,NA,NA,NA,NA,NA,NA,NA,NA,NA,NA,NA,NA,NA,NA,NA,NA,NA,NA,NA,NA,NA,NA,NA,NA,NA,NA,NA,NA,NA,NA,NA,NA,NA,NA,NA,NA,NA,NA,NA,NA,NA,NA,NA,NA,NA,NA,NA,NA,NA,NA,NA,NA,NA,NA,NA,NA,NA,NA,0.066084897,0.583241212,0.934291044,0.147516583,0.308425526,0.562461494,0.344912535,0.928392748,0.454224284,0.410311302
UPS,NA,NA,NA,NA,NA,NA,NA,NA,NA,NA,NA,NA,NA,NA,NA,NA,NA,NA,NA,NA,NA,NA,NA,NA,NA,NA,NA,NA,NA,NA,NA,NA,NA,NA,NA,NA,NA,NA,NA,NA,NA,NA,NA,NA,NA,NA,NA,NA,NA,NA,NA,NA,NA,NA,NA,NA,NA,NA,NA,NA,NA,NA,NA,NA,NA,NA,NA,NA,NA,NA,NA,NA,NA,NA,NA,NA,NA,NA,NA,NA,NA,NA,NA,NA,NA,NA,NA,NA,NA,NA,NA,0.445147809,0.883578877,0.085237967,0.190807993,0.636423597,0.225570429,0.724597827,0.301158299,0.342838222
USB,NA,NA,NA,NA,NA,NA,NA,NA,NA,NA,NA,NA,NA,NA,NA,NA,NA,NA,NA,NA,NA,NA,NA,NA,NA,NA,NA,NA,NA,NA,NA,NA,NA,NA,NA,NA,NA,NA,NA,NA,NA,NA,NA,NA,NA,NA,NA,NA,NA,NA,NA,NA,NA,NA,NA,NA,NA,NA,NA,NA,NA,NA,NA,NA,NA,NA,NA,NA,NA,NA,NA,NA,NA,NA,NA,NA,NA,NA,NA,NA,NA,NA,NA,NA,NA,NA,NA,NA,NA,NA,NA,NA,0.953449132,0.295099202,0.55147858,0.630769548,0.071598922,0.904238434,0.521019256,0.469416893
UTX,NA,NA,NA,NA,NA,NA,NA,NA,NA,NA,NA,NA,NA,NA,NA,NA,NA,NA,NA,NA,NA,NA,NA,NA,NA,NA,NA,NA,NA,NA,NA,NA,NA,NA,NA,NA,NA,NA,NA,NA,NA,NA,NA,NA,NA,NA,NA,NA,NA,NA,NA,NA,NA,NA,NA,NA,NA,NA,NA,NA,NA,NA,NA,NA,NA,NA,NA,NA,NA,NA,NA,NA,NA,NA,NA,NA,NA,NA,NA,NA,NA,NA,NA,NA,NA,NA,NA,NA,NA,NA,NA,NA,NA,0.926479805,0.728734023,0.373944711,0.928624786,0.139606518,0.355000157,0.99
V,NA,NA,NA,NA,NA,NA,NA,NA,NA,NA,NA,NA,NA,NA,NA,NA,NA,NA,NA,NA,NA,NA,NA,NA,NA,NA,NA,NA,NA,NA,NA,NA,NA,NA,NA,NA,NA,NA,NA,NA,NA,NA,NA,NA,NA,NA,NA,NA,NA,NA,NA,NA,NA,NA,NA,NA,NA,NA,NA,NA,NA,NA,NA,NA,NA,NA,NA,NA,NA,NA,NA,NA,NA,NA,NA,NA,NA,NA,NA,NA,NA,NA,NA,NA,NA,NA,NA,NA,NA,NA,NA,NA,NA,NA,0.485876625,0.73806795,0.075636013,0.953670077,0.632248375,0.012620542
VZ,NA,NA,NA,NA,NA,NA,NA,NA,NA,NA,NA,NA,NA,NA,NA,NA,NA,NA,NA,NA,NA,NA,NA,NA,NA,NA,NA,NA,NA,NA,NA,NA,NA,NA,NA,NA,NA,NA,NA,NA,NA,NA,NA,NA,NA,NA,NA,NA,NA,NA,NA,NA,NA,NA,NA,NA,NA,NA,NA,NA,NA,NA,NA,NA,NA,NA,NA,NA,NA,NA,NA,NA,NA,NA,NA,NA,NA,NA,NA,NA,NA,NA,NA,NA,NA,NA,NA,NA,NA,NA,NA,NA,NA,NA,NA,0.631458499,0.391832425,0.809481703,0.353884427,0.454342749
WAG,NA,NA,NA,NA,NA,NA,NA,NA,NA,NA,NA,NA,NA,NA,NA,NA,NA,NA,NA,NA,NA,NA,NA,NA,NA,NA,NA,NA,NA,NA,NA,NA,NA,NA,NA,NA,NA,NA,NA,NA,NA,NA,NA,NA,NA,NA,NA,NA,NA,NA,NA,NA,NA,NA,NA,NA,NA,NA,NA,NA,NA,NA,NA,NA,NA,NA,NA,NA,NA,NA,NA,NA,NA,NA,NA,NA,NA,NA,NA,NA,NA,NA,NA,NA,NA,NA,NA,NA,NA,NA,NA,NA,NA,NA,NA,NA,0.500691468,0.387223848,0.486859065,0.671724228
WFC,NA,NA,NA,NA,NA,NA,NA,NA,NA,NA,NA,NA,NA,NA,NA,NA,NA,NA,NA,NA,NA,NA,NA,NA,NA,NA,NA,NA,NA,NA,NA,NA,NA,NA,NA,NA,NA,NA,NA,NA,NA,NA,NA,NA,NA,NA,NA,NA,NA,NA,NA,NA,NA,NA,NA,NA,NA,NA,NA,NA,NA,NA,NA,NA,NA,NA,NA,NA,NA,NA,NA,NA,NA,NA,NA,NA,NA,NA,NA,NA,NA,NA,NA,NA,NA,NA,NA,NA,NA,NA,NA,NA,NA,NA,NA,NA,NA,0.888295538,0.279431846,0.01641033
WMB,NA,NA,NA,NA,NA,NA,NA,NA,NA,NA,NA,NA,NA,NA,NA,NA,NA,NA,NA,NA,NA,NA,NA,NA,NA,NA,NA,NA,NA,NA,NA,NA,NA,NA,NA,NA,NA,NA,NA,NA,NA,NA,NA,NA,NA,NA,NA,NA,NA,NA,NA,NA,NA,NA,NA,NA,NA,NA,NA,NA,NA,NA,NA,NA,NA,NA,NA,NA,NA,NA,NA,NA,NA,NA,NA,NA,NA,NA,NA,NA,NA,NA,NA,NA,NA,NA,NA,NA,NA,NA,NA,NA,NA,NA,NA,NA,NA,NA,0.493728161,0.959400011
WMT,NA,NA,NA,NA,NA,NA,NA,NA,NA,NA,NA,NA,NA,NA,NA,NA,NA,NA,NA,NA,NA,NA,NA,NA,NA,NA,NA,NA,NA,NA,NA,NA,NA,NA,NA,NA,NA,NA,NA,NA,NA,NA,NA,NA,NA,NA,NA,NA,NA,NA,NA,NA,NA,NA,NA,NA,NA,NA,NA,NA,NA,NA,NA,NA,NA,NA,NA,NA,NA,NA,NA,NA,NA,NA,NA,NA,NA,NA,NA,NA,NA,NA,NA,NA,NA,NA,NA,NA,NA,NA,NA,NA,NA,NA,NA,NA,NA,NA,NA,0.565395312
XOM,NA,NA,NA,NA,NA,NA,NA,NA,NA,NA,NA,NA,NA,NA,NA,NA,NA,NA,NA,NA,NA,NA,NA,NA,NA,NA,NA,NA,NA,NA,NA,NA,NA,NA,NA,NA,NA,NA,NA,NA,NA,NA,NA,NA,NA,NA,NA,NA,NA,NA,NA,NA,NA,NA,NA,NA,NA,NA,NA,NA,NA,NA,NA,NA,NA,NA,NA,NA,NA,NA,NA,NA,NA,NA,NA,NA,NA,NA,NA,NA,NA,NA,NA,NA,NA,NA,NA,NA,NA,NA,NA,NA,NA,NA,NA,NA,NA,NA,NA,NA
